Class;Mean;Standard deviation;Max elongation;Average elongation;Max compactness;Average compactess;Max eccentricity;Average eccentricity;Pixel ratio
LongTrans;129.2685720486111;35.19470111953285;12.27410260553666;2.9858736035657283;0.18182097310657902;0.020623569014184523;10.752652559239342;1.3308502008986134;0.02773983105188324
LongTrans;140.61395182291668;37.587981339171805;12.27410260553666;2.9858736035657283;0.18577360256395753;0.050004460133965686;10.819370636061604;3.205468277560223;0.027252967731148638
LongTrans;126.65423855251736;36.542736127156964;12.351338209099271;2.6590577720865936;0.18360991221447337;0.02082693778949954;10.645330016836695;1.2835657697784169;0.028198477114885784
LongTrans;97.5908580186632;32.45316784733638;5.41285221229667;1.2185703890639425;0.3423030479261708;0.0965405056579039;5.233373223331411;1.617837545903658;0.015369360436291522
LongTrans;141.01786187065971;33.574786135877275;12.27410260553666;2.9858736035657283;0.18182097310657902;0.04880934642891272;10.889568211992145;3.2214236127072327;0.02668077758591879
LongTrans;127.8882101779514;45.8994615139633;7.2420380684318;7.2420380684318;0.08102363183186254;0.0030008752530319457;5.397552537223386;0.19990935323049577;0.025395677449862313
LongTrans;134.40863850911458;47.037943166186764;7.2420380684318;7.2420380684318;0.08259173881814309;0.00317660533915935;5.3905764241312;0.2073298624665846;0.025709515859766278
LongTrans;117.37933892144098;41.95394550120003;6.89797483996419;6.89797483996419;0.07618707826023083;0.0038093539130115415;5.6115456943888615;0.2805772847194431;0.024199149834690077
LongTrans;121.29240125868056;48.220975063495324;6.9095437121941785;6.9095437121941785;0.082473560708218;0.0026604374422005807;5.065000777747186;0.16338712186281246;0.02625205311656134
LongTrans;124.37371690538194;42.311976718998565;6.89797483996419;6.89797483996419;0.07635306778885402;0.0036358603708978106;5.568034932322775;0.2651445205867988;0.024426844518549394
LongTrans;135.34108805338542;47.00006815534357;9.56684088110827;1.2790736537685021;0.5040736443912006;0.22097858730149741;9.970951055045791;3.329408876102919;0.026223484215800903
LongTrans;141.25646511501736;48.90794152098095;9.534265688673786;1.6996731711975952;0.5670284829791856;0.16613818784616122;10.69217122961134;2.620541113997586;0.024483784009115415
LongTrans;115.21388726128473;45.60686035143539;8.447919681127154;8.447919681127154;0.14162850327409496;0.014162850327409496;6.589184142103259;0.6589184142103259;0.007103048847120533
LongTrans;139.5677134874132;43.429701767486165;9.56684088110827;2.625;0.36517669818231563;0.08413225402372723;9.946331477591025;2.697500292621141;0.020965463760489654
LongTrans;131.43481011284723;46.98835584275666;15.051993223490369;1.7054315383580028;0.3918576247663359;0.1050441023312498;13.360190324844249;2.784325768109862;0.02028728792449697
LongTrans;135.25578128003653;53.660734260392864;9.879798079649058;0.5625;0.8450733885992592;0.032959054163946726;9.016163402007505;0.3770034624987037;0.02173164479473543
LongTrans;122.3971158929258;53.66174816545682;10.29147850964719;0.5625;0.8450733885992592;0.03282298949851491;8.726951088255381;0.3662918953226991;0.020534247098836986
LongTrans;140.38854246764066;48.75230493889081;10.297871325966055;0.5;0.8314275587741657;0.05140645255188172;9.195239947970753;0.608147405204801;0.020807318875665757
LongTrans;150.7014723653963;62.00993567167394;10.29147850964719;10.29147850964719;0.04140830985547406;0.001119143509607407;8.956752964470192;0.24207440444514033;0.020144397896425706
LongTrans;120.02090767373126;49.7874413678929;10.297871325966055;0.5625;0.8450733885992592;0.05217136089376909;9.320784210338593;0.6166890762232993;0.02065125996891482
LongTrans;124.89396294487847;57.40624562344362;5.359490454421436;1.1678521008965392;0.2723179373436431;0.011628696209310426;4.820572764465225;0.19345279857341188;0.024455313472654512
LongTrans;116.82636311848958;53.467344241142435;2.5521585988166007;1.1976801072065186;0.4878351534030369;0.025073205642327966;2.6244608225753923;0.19024351758793995;0.021050299135829825
LongTrans;130.1242640516493;54.53779777838684;3.0000000000000004;1.1359601249187425;0.4775627516287377;0.022872182819389898;2.6606489541778076;0.17420784398366437;0.021050299135829825
LongTrans;108.53364447699653;53.7697981272044;2.5521585988166007;1.1192783230123131;0.4878351534030369;0.024959986302916598;2.6244608225753923;0.17089131729058382;0.019271711781458235
LongTrans;131.40188856336806;55.68912317995545;3.709010212544144;1.1976801072065186;0.3472355036146596;0.015706350262031876;3.8771209577744683;0.19505335255638348;0.02215444336614446
LongTrans;128.0364230685764;47.823118690452226;8.875684637129565;1.2771167737011222;0.26197465959931077;0.055910935567529844;7.930062674922085;1.5418894168891855;0.022749972256131394
LongTrans;124.89012803819445;46.082351075051136;7.631092755453556;0.625;0.4715739844828033;0.1032483159630693;6.817094586172801;1.7119418763206273;0.020682780961873908
LongTrans;136.74423529730902;52.40219900807313;8.620161804889957;1.3214882658946596;0.2828135519387048;0.0938776331839602;10.457444336728534;3.629534936855645;0.02164454175096306
LongTrans;128.97037896050347;45.001932607427875;9.35003085145054;0.625;0.4715739844828033;0.09380146958078503;9.330996192622505;2.040361285379123;0.01856763925729443
LongTrans;115.35439019097223;45.5136392226791;9.577618139744832;0.625;0.4715739844828033;0.09382644855191306;9.013822805043654;1.958237237543462;0.018792836612867566
LongTrans;127.713115234375;35.162494116418344;3.817637155136127;3.817637155136127;0.06907599788605487;0.005756333157171239;4.165394660043201;0.34711622167026673;0.021984419616866736
LongTrans;141.63720893012152;38.49843483570344;3.8318650361374176;3.8318650361374176;0.07422423133168132;0.004948282088778755;4.104782788137216;0.2736521858758144;0.023317788141239172
LongTrans;136.2646701388889;35.541361746746084;3.817637155136127;3.817637155136127;0.07156903455376531;0.0059640862128137765;4.124921540144201;0.3437434616786834;0.022551385537155695
LongTrans;99.10758355034723;32.14005279055279;3.8801648531093527;3.8801648531093527;0.06702595451164685;0.0060932685919678955;4.1523163724247185;0.3774833065840653;0.021135148610841804
LongTrans;129.20885362413193;32.67772362596;3.8801648531093527;3.8801648531093527;0.06811580733488276;0.0061923461213529785;4.157833893828901;0.377984899438991;0.021418082070322243
LongTrans;128.13006401909723;49.335588202183715;4.691388684499148;0.2857142857142857;0.43412828719964186;0.031534151479044786;3.7620985449412414;0.2308948917307194;0.057062568102311174
LongTrans;143.20021647135417;51.22755011086441;4.691388684499148;0.21212121212121213;0.8526744818666115;0.06699499786603341;3.6686125348726355;0.34780882703012117;0.0688005566669566
LongTrans;124.893408203125;52.85502368875984;4.294721279953243;0.21212121212121213;0.5514852377782098;0.05779872769231251;3.4850636172931817;0.33720689828112504;0.0770129718359238
LongTrans;118.5576904296875;52.268494562315894;4.571745614091172;0.11528994133733472;0.4634483469220787;0.04481625423369766;3.5432945868964247;0.27294592358179104;0.07200186111434222
LongTrans;109.94912163628472;44.457267245483905;4.972209140949271;0.3333333333333333;0.3966005801037048;0.03045609046331454;4.544346388405347;0.23805864767873736;0.046470037187384676
LongTrans;134.32938490704697;50.392514429109184;8.613314645894993;4.064135001270281;0.15787764468091622;0.011833308792089775;8.16212894406693;0.8618108045829892;0.018277260190398718
LongTrans;137.37832091323048;50.879954284248555;8.613314645894993;4.082843330992203;0.17008632431874363;0.014954371693941877;7.710838276099586;0.9883797515452325;0.01821255179075265
LongTrans;137.8197455606017;50.56901587575911;8.613314645894993;4.082843330992203;0.1596666264903317;0.015282262070807361;7.9464524014936515;1.074339511700465;0.018109035455585207
LongTrans;116.56500917615821;48.75282236522695;7.4851705242952065;1.3351284932115013;0.48931204365836617;0.0773393138430304;7.421869702787863;1.0833036379468042;0.015257695378337622
LongTrans;118.42709609885621;51.28488346568674;8.94427190999916;1.5441775920526968;0.5380830645215423;0.061123854971445034;8.540131209131198;0.854572277007754;0.012883078790330738
LongTrans;134.21225798070455;37.53314765793201;4.724193863807375;0.13905133203378817;0.6352485194819534;0.0396953509144676;3.463833924046348;0.19442048596055045;0.04909252808841631
LongTrans;119.43844339717096;36.8656500586372;5.394526617896389;0.27705059858194964;0.6530171167891415;0.06482327727127189;7.1395307742301455;0.523281800018856;0.04609257687536724
LongTrans;147.71750023028002;41.8544922550377;1.2026637102698328;1.2026637102698328;0.028660344391788124;0.00043424764229982007;1.1885617100162411;0.018008510757821835;0.03831050169131275
LongTrans;153.43748448112905;41.95196441254015;1.2026637102698328;1.2026637102698328;0.027856760606362028;0.0004096582442112063;1.2232108697778792;0.01798839514379234;0.03754403232490675
LongTrans;137.33967191604992;37.58365331636564;4.5;0.6013318551349164;0.36932363436432014;0.007098717167727299;5.051822969382647;0.11181066365183674;0.03845854720796391
LongTrans;130.19125594222575;34.676196491409094;2.9832867780352594;0.12727272727272726;0.5292957388807724;0.030484795204986176;3.24133306219163;0.17607545679543446;0.048570755457829434
LongTrans;129.3661741427576;33.26039283374695;3.5030637188991838;0.16666666666666666;0.7074605489312047;0.029111082514478265;3.7094418836939367;0.1575844608053363;0.039145492042491924
LongTrans;119.13155672297513;36.11561090918155;3.4999999999999996;0.09432652812865597;0.6269665307842731;0.0346933093070074;5.274335967128247;0.19107329171463813;0.05557531918257639
LongTrans;124.47530109112681;34.311962430717585;3.5030637188991838;0.13999999999999999;0.5380830645215423;0.02972292559642214;3.4150293501345708;0.16992588960610397;0.044551357271376046
LongTrans;135.84774811170382;33.47745168186845;3.4999999999999996;0.19047619047619047;0.6653971539256001;0.023857752902889977;3.0297353506852938;0.11169130221218472;0.039253330565969205
LongTrans;124.91316053602431;32.194226422289304;9.807393695486374;2.4518484238715934;0.6395058613999586;0.041658844345489957;9.86538165264266;0.381831616477651;0.025053527236326225
LongTrans;109.34968722873263;30.642654163128096;8.524303810782161;2.841434603594054;0.5959638472895795;0.03590148006082087;8.256704268929933;0.4277232098201177;0.022636484687083888
LongTrans;130.01204833984374;29.2683034376791;10.603416073720414;10.603416073720414;0.07733027929060722;0.002761795688950258;9.839358132929734;0.35140564760463333;0.01837067322301721
LongTrans;109.67024793836805;29.68214099133661;10.603416073720414;3.5344720245734713;0.5887992527663789;0.041351224480638014;9.587803026487592;0.5658185633616515;0.021729490022172948
LongTrans;111.22379069010417;30.33933309370483;10.603416073720414;3.5344720245734713;0.5959638472895795;0.0376749200009632;9.843238756501044;0.5225935731266993;0.022381229719610617
LongTrans;129.00670979817707;49.96998760995034;4.406287614284696;0.5555555555555556;0.7858187629224104;0.016115279460809494;3.3732908194223543;0.09385956150727463;0.041238278160659815
LongTrans;110.35813042534723;46.040666561285455;4.967432580791478;4.967432580791478;0.05687370681200624;0.0009478951135334373;3.8023760498035606;0.06337293416339268;0.03448856461344184
LongTrans;128.24770128038193;46.77293604776115;4.967432580791478;4.967432580791478;0.05698694134152938;0.0009191442151859577;3.721668716620577;0.06002691478420285;0.03445953530138063
LongTrans;156.9924099392361;54.995116096759084;4.374341365888252;0.2833333333333333;0.7858187629224104;0.02882887331431032;3.1937924187050744;0.1379673040900434;0.049150468167458806
LongTrans;149.6088335503472;52.77904750217281;4.406287614284696;0.3090909090909091;0.7858187629224104;0.02897498847931814;3.2959640276949;0.1330263429534483;0.04861328402787655
LongTrans;134.34339294081605;34.128393695219664;9.909839455449662;0.3796480647405232;0.49347278365321795;0.030319401960551797;7.7771006806658285;0.37650984146560845;0.038660495507759324
LongTrans;129.11711428597175;32.16753662933089;9.909839455449662;0.3176824375812125;0.5421149369276677;0.04860115737919681;7.49573617109978;0.5963032315657327;0.036684782608695655
LongTrans;123.91930787838011;35.609248339117734;9.551357306474252;0.15;0.6777502253830748;0.0316050095194573;8.388881724664211;0.3637502992673415;0.04335425728648452
LongTrans;134.94207243508106;31.615154728404743;9.909839455449662;0.3176824375812125;0.4876396864790962;0.04849273566612763;7.347369380534231;0.6291619920392298;0.03622888480740875
LongTrans;144.73200186426695;36.81512786358047;11.212783746109464;0.7566372975210778;0.6629452782995116;0.03193564882808747;9.738831431241996;0.37617611694040043;0.03976586935925556
LongTrans;142.53062606015968;39.95088384724752;5.693856338194704;0.19047619047619047;0.8794103751397335;0.12722703097600113;6.203588988893212;0.8427698606796225;0.022874756651524983
LongTrans;148.11619031221304;42.06651066717732;7.0;0.19047619047619047;0.8794103751397335;0.15201790049748773;8.337248481878522;1.246881115011655;0.02279179171060102
LongTrans;116.20552530513469;36.34738059480954;7.0;0.16666666666666666;0.8935281398345614;0.22489460282634943;6.8596072191654685;1.5433237957557495;0.020040850168860848
LongTrans;151.12321865275226;40.608701086089205;6.07515550836907;0.2222222222222222;0.8794103751397335;0.16529414401384418;4.68452985097377;1.01997948493316;0.02264663544391055
LongTrans;145.70887337707887;40.72598639219027;8.75;0.19047619047619047;0.8794103751397335;0.18801587856346932;6.294089263503395;1.4921471956939114;0.02256370750299025
LongTrans;128.3797482638889;44.527859309529276;7.666666666666667;3.8333333333333335;0.13958831877908748;0.01674885787326639;7.247006706981387;0.7260726828610395;0.01977924700544967
LongTrans;121.4800634765625;42.6562255506682;7.666666666666667;3.8333333333333335;0.1385656937330868;0.02195345612567014;7.067328371324617;0.9379707380974196;0.019497220608977017
LongTrans;108.29278537326388;42.935177849803985;8.625;4.3125;0.19245002548090273;0.019084607909982253;8.01034076324681;0.7460235050329405;0.01514567384479815
LongTrans;152.31989284939237;48.49113088404343;8.015609770940697;8.015609770940697;0.06611744729432431;0.005085957484178793;6.9542118244207405;0.5349393711092877;0.021078580727363377
LongTrans;139.0361789279514;48.70541460998802;8.015609770940697;8.015609770940697;0.06815867217786345;0.00454391147852423;7.221369094825827;0.48142460632172185;0.02144638403990025
LongTrans;140.80199272315136;47.12486967204554;12.38844562104788;12.38844562104788;0.03903438525754494;0.001858780250359283;10.351975314147442;0.49295120543559245;0.02036527586733914
LongTrans;135.0339308849561;50.505148490716294;12.38844562104788;12.38844562104788;0.0390477813905914;0.0016977296256778871;10.085836165830251;0.4385146159056631;0.020521247324977072
LongTrans;140.4960871169342;47.73294227975941;12.38844562104788;12.38844562104788;0.03906374545706171;0.002055986603003248;10.181565602504119;0.5358718738160062;0.020378271667834173
LongTrans;143.0123567758394;51.281239489919585;11.724036000210345;5.862018000105173;0.28628992447613616;0.01716800990734706;10.183087482516695;0.7398357940925449;0.022148789854425293
LongTrans;130.51166668669103;46.17294939812027;12.362603377288739;12.362603377288739;0.03899777237911207;0.0016955553208309595;10.323260819393495;0.44883742693015194;0.020274314532047935
LongTrans;137.4347193687524;35.698696159814794;15.109173660821803;1.1600340565456169;0.42074717902459935;0.026309487885890395;14.995662661313764;1.2029016751265602;0.014255149451189407
LongTrans;133.53825739599353;35.056440385193135;14.662172770255696;7.331086385127848;0.12662697925861624;0.009612985058369026;14.004320646393179;0.9929470989002054;0.014460638446051182
LongTrans;138.52686103802225;36.529734524238776;18.158877376815088;2.0615528128088303;0.39428509229349246;0.027357975267984457;13.858955316552802;1.1904511629054935;0.014165274191098283
LongTrans;150.62110864311003;40.4027286014669;17.84706270115123;17.84706270115123;0.04027652966358353;0.0012205008988964705;16.354280671378106;0.4955842627690335;0.013716136705849603
LongTrans;115.55310394940247;35.06455193821402;7.115124735378854;1.4230249470757708;0.39961718169240196;0.054028425141592167;7.162834552209113;1.2976563485467736;0.011067921956636967
LongTrans;137.03637448136934;32.78587129614954;10.162198102294123;0.17857142857142858;0.8130905272414417;0.02865606283226019;10.743285946343484;0.44526412986164393;0.016300900672332867
LongTrans;119.9487221461297;33.36883086187996;10.0;0.15306122448979592;0.8343478000182715;0.03207601365076461;10.640450214432756;0.4438076253900503;0.015875632425852427
LongTrans;144.97170797189384;34.13747937805889;8.657944328765344;0.21428571428571427;0.8130905232548864;0.02663022978804457;6.6899959872359815;0.4327705418677611;0.01516764236295902
LongTrans;141.7266093069172;33.90135732064499;8.657944328765344;0.21428571428571427;0.8024618928984163;0.02992097389504204;6.6899959872359815;0.47645177594664034;0.014987584249733949
LongTrans;133.30551901111752;35.680476311949775;6.694158999148613;0.26785714285714285;0.8290334706265335;0.016137247627216307;6.07182155977704;0.21560992740815854;0.016094665550566926
LongTrans;133.90290505755;35.43212617185164;9.98845487396478;0.95;0.7176767676094516;0.022943090638477253;8.696593369172511;0.33988277114414145;0.020404264261969354
LongTrans;117.93904475342016;33.97981893144903;8.961455925668123;0.7916666666666666;0.7176767676094516;0.02895042336296826;11.962816919627777;0.4904699314049871;0.019119218439932834
LongTrans;105.97987427712098;32.16991817705795;8.837855639672574;0.7916666666666666;0.6792297979160882;0.037897805789875914;10.943959330665944;0.715331824213775;0.016610410374844554
LongTrans;134.64003328046905;36.471532196094316;13.471538625605334;4.4905128752017776;0.7176767676094516;0.019204292522070118;13.103636294760202;0.379508761099217;0.017049205301376123
LongTrans;138.0773588183231;31.91345870095078;9.936722877209645;3.312240959069882;0.6920454544805427;0.021107690306102714;8.58248357813918;0.34371351653540766;0.01655881233346022
LongTrans;130.35228515625;44.940777242809034;4.637845985434983;0.9970865968819768;0.4588640174048467;0.017270793020766752;4.2450898680319264;0.19280452167554057;0.04888180731804473
LongTrans;126.53764594184028;47.554750665571376;4.16948622549774;0.6880664565125091;0.7695947206322672;0.028649181912541732;4.033175886860307;0.21746821614697204;0.055518969219756624
LongTrans;117.17882269965278;41.25961532350343;5.060483234438954;1.6868277448129847;0.22153571153243376;0.010771806068511273;4.222862578371819;0.21768725919752063;0.041179461108286734
LongTrans;107.69575276692709;44.18658794383347;4.105949771905614;1.116265699808921;0.23971788205439276;0.008608504830309173;2.924522657887873;0.12963631308769544;0.04009254295629602
LongTrans;132.28671088324654;44.82928435921985;4.637845985434983;0.9970865968819768;0.4626872955927441;0.01764730288887952;4.2450898680319264;0.19655155800209664;0.04912061016563265
LongTrans;128.9219810655382;42.2011590929707;5.161355820773205;2.5806779103866027;0.839285086331105;0.028407997057748602;4.889081997727763;0.19329672644818957;0.028829784265021908
LongTrans;139.19851806640625;45.22041763206298;5.014771080925114;0.5;0.8061450714805752;0.05181788576082164;4.287520598351006;0.25633242111701193;0.03408230244887655
LongTrans;122.40756429036459;38.59497626562649;5.772680782476206;0.6712954064856026;0.839285086331105;0.04710472805443469;4.294034660589504;0.26644256051134163;0.025766598029940455
LongTrans;121.145478515625;44.98170753012025;5.161355820773205;2.5806779103866027;0.8438786868476896;0.025501065302002048;5.136876223881047;0.17796758284732728;0.02980696706427913
LongTrans;140.3001833767361;43.57562726359801;5.014771080925114;2.507385540462557;0.8061450714805752;0.02583756350629343;4.590432595916284;0.1691897358157346;0.029663147310206132
LongTrans;119.33288635247679;23.423278834047338;9.604334607001322;4.552434751005462;0.14525018324482994;0.019451821367120207;8.14678252187167;1.228617024123263;0.015727259912603958
LongTrans;141.56365979874502;24.806421731186678;9.604334607001322;4.552434751005462;0.1498491336378061;0.018355652604788157;7.891181025198102;1.1347168324890746;0.0158499989930115
LongTrans;130.19560643524895;23.402590846581088;9.604334607001322;4.552434751005462;0.14448369151266727;0.019208967402610078;7.813827662763754;1.1956245141715036;0.015543206893774664
LongTrans;94.39881951618457;21.909767622544006;9.857142857142858;2.5714285714285716;0.24227391149606273;0.03660938159250097;8.416876657193818;1.314066733288411;0.009405643386031618
LongTrans;110.28368677303337;23.64112383578556;9.818350166906862;4.909175083453431;0.133552041716075;0.01818719661902615;9.07621180364433;1.433375019440713;0.015175300889586603
LongTrans;131.95423747777298;34.485068695568096;8.75590179973089;0.4166666666666667;0.8930954271748571;0.018950769119614037;7.82532338695692;0.15267616296155487;0.022396630934150077
LongTrans;140.0150344068387;34.28076357813942;8.806852771433443;1.8415392347529436;0.3697355611774211;0.012728381544498915;8.013610111542906;0.3432520744310392;0.01918404213365222
LongTrans;142.91367753187876;36.71062757469216;8.819687366675854;0.3125;0.8930954271748571;0.02923054359545721;8.267518887066226;0.31879664047906886;0.020534247098836986
LongTrans;134.39389710387832;37.34952569500226;7.906252179725344;1.8415392347529436;0.4037278813304917;0.00989406220475792;7.875917484142136;0.2446981825193608;0.02006646379505723
LongTrans;145.51318741089165;36.01324314722228;8.819687366675854;0.3125;0.8930954271748571;0.030358451059471502;8.158967072695615;0.3276799858583877;0.02036527586733914
LongTrans;123.52403510199653;45.660991536724474;9.924542897490943;4.962271448745471;0.2286190237548693;0.019208320307611205;10.316087653505221;1.064632146979787;0.02014611467788355
LongTrans;110.18055284288195;44.237708194974;7.669932780178652;2.5566442600595507;0.25159299006621066;0.038985467760882804;7.605444018229933;1.2661109996134874;0.019243530192435302
LongTrans;96.89364691840278;42.0565877689123;6.220375334891834;2.073458444963945;0.3261661342797466;0.07230447216907941;5.459058788638452;1.4733911877988262;0.013945044970707154
LongTrans;118.08493679470486;41.61771170433604;8.018361281899116;1.3950806428303706;0.224352824380141;0.06706411821671185;8.148015427306188;1.9301308845113367;0.01887731129598408
LongTrans;128.5951841905382;43.282186189687316;8.429674130154384;2.8098913767181277;0.24276126125235772;0.044856741464005194;7.747806853370538;1.4165657254173842;0.019469026548672566
LongTrans;135.6176498121716;51.30599915605394;7.854934754662193;0.140625;0.7458277123603125;0.06595031054469287;6.8805929472733105;0.9431414827381966;0.02467193615225232
LongTrans;110.83218406081795;47.35672544967906;5.471853111203575;0.621972117597319;0.4512768383002835;0.05399816184012157;6.067840679394135;0.6624594036882587;0.009348267042949113
LongTrans;112.17340148120114;47.49418550164175;5.735595768839486;0.8440487549031719;0.4512768383002835;0.03957074065587923;5.676399919086001;0.660402360201203;0.01145086354913645
LongTrans;136.50994609445084;51.12671978310413;8.552053243455578;0.39999999999999997;0.5238412382888947;0.04444395842074294;6.8805929472733105;0.8490626998271471;0.023219280432200468
LongTrans;130.7028379008875;46.60355575510822;8.514693182963201;0.5183100979977658;0.3813589477747347;0.046999540254890546;7.549566282490907;0.8806309997962153;0.017578844419606
LongTrans;138.59558673346788;51.17311746987758;21.70469902421003;7.234899674736677;0.8378658336315786;0.06405911432266205;17.721821605235267;1.3831265521383576;0.018963675213675212
LongTrans;128.00541320746026;47.44933492842822;21.70469902421003;10.852349512105015;0.40447409233507375;0.03176726178639195;17.850007082483867;1.59670744903756;0.01754007163360175
LongTrans;125.74137363534058;46.61472426772882;21.70469902421003;10.852349512105015;0.40447409233507375;0.031737143941654784;17.88669941404141;1.5993283298630987;0.017397930027303322
LongTrans;142.6455915393118;50.48290017027534;12.295303845139221;4.098434615046407;0.2797616974526061;0.03163473315816741;8.741123507196125;1.6497199923941974;0.01761762016055279
LongTrans;109.74694290757562;47.69780353637975;11.508525268085128;1.6440750382978755;0.5074681718590907;0.10177262678760989;12.926601707104112;1.897354347679177;0.014036908589221072
LongTrans;130.8485853407118;38.377769496073476;3.112821095471726;0.08333333333333333;0.4962606252804942;0.06147150132144948;3.713736518519619;0.4164239835559458;0.08762612851832183
LongTrans;143.8454310438368;39.12234257518546;2.936362072739365;0.07142857142857142;0.5975618697528801;0.0788113901516187;3.762269498918517;0.4786865338127803;0.0960337753463757
LongTrans;125.7055398220486;34.967632448140556;3.23443016025056;0.2916666666666667;0.5040736443912006;0.04608066185360046;9.772371270855356;0.4419532936801383;0.061139896373056994
LongTrans;132.54352430555556;36.67305305345551;3.1098605879865953;0.23392781412696997;0.5040736443912006;0.05472326601219588;4.031941954034359;0.40803294661106315;0.07246967096267419
LongTrans;120.84179551866319;39.981358609775775;2.8007935383466673;0.08241758241758242;0.5975618697528801;0.07128433233106833;3.713736518519619;0.4408310482258109;0.09671853152054265
LongTrans;128.37096788194444;44.108072436397904;7.526446627986585;2.077430662424518;0.14963851896591301;0.03640143663631029;5.915738412457119;1.6223032760864295;0.027883113986169977
LongTrans;140.8121248372396;42.92734998582602;7.601718698270153;2.077430662424518;0.15143723442485788;0.04006153428815477;5.914320650536663;1.8355847313727796;0.027625233462492682
LongTrans;144.0227210828993;46.10159934315457;7.601718698270153;2.1139618464737917;0.1497638389350467;0.03649495597963718;5.882436425169871;1.654559230005713;0.028686237303270454
LongTrans;120.21489122178819;40.43301578002706;7.526446627986585;2.077430662424518;0.1663009081317461;0.05724696736940017;5.728671044516199;2.2985992714768173;0.0242276061346966
LongTrans;132.7101584201389;47.30529371396671;7.601718698270153;2.077430662424518;0.15364299522567548;0.031024696915500163;5.874525184622946;1.3026845805644385;0.0287436512809064
LongTrans;132.71158203375305;32.32953748828719;7.8890502217986835;0.1317555934568072;0.5261615617100638;0.032489644873005506;7.286426401671164;0.2578405369164992;0.03887599362008377
LongTrans;121.74246058206779;32.33183086607495;2.8306777357876656;0.1482250426389081;0.5261615617100638;0.031150920653915417;2.7926195608867324;0.1809713717231626;0.038795171349662226
LongTrans;155.44387838111143;37.02498779817678;3.157585095800194;1.0525283652667314;0.7605864794429897;0.016144183991300305;2.162193714409071;0.06332903791184245;0.023977811577346336
LongTrans;139.35085539015444;32.82981223392721;7.8890502217986835;2.629683407266228;0.7301055157342823;0.014839681760411436;7.345051393175458;0.1740820021354146;0.02299716525780831
LongTrans;120.75098544830514;32.33334340338735;2.8306777357876656;0.1482250426389081;0.5261615617100638;0.03115151503160026;2.7926195608867324;0.18116161451032822;0.03882211070914537
LongTrans;127.62023763020834;45.1621452244206;4.843711228132666;1.2109278070331666;0.31891968829213124;0.13548300158902168;4.600034096840697;1.7223597997387452;0.025880781432626482
LongTrans;129.2234800889757;45.172115520210845;4.424581683834425;1.4191155304938665;0.3142976638241294;0.09584741078727586;4.740313145516589;1.424602254860918;0.020569751668004763
LongTrans;119.29630696614583;42.39771869567525;4.424581683834425;1.4395215254459455;0.3142976638241294;0.09410393403385435;4.740313145516589;1.349734832680331;0.020626263185580997
LongTrans;122.34167453342013;43.110547583270666;4.843711228132666;1.6145704093775555;0.3142976638241294;0.08533813919407823;4.777817561212433;1.3227370925895816;0.02045674740484429
LongTrans;144.92478542751735;47.3822717839793;4.843711228132666;1.6145704093775555;0.33104500311031376;0.11588356308106836;4.885908756353312;1.8316572515181229;0.01918717168924523
LongTrans;122.30456434461806;56.92755085581202;3.8;0.7589466384404111;0.6354347356382377;0.053845914387205186;3.7436149306017863;0.32405610982844446;0.041974052403968454
LongTrans;97.8953390842014;54.674720737827;3.3530945771396374;1.2777777777777777;0.3741176994519414;0.02490254878321724;3.632628022645155;0.2295162580896404;0.005619510066015604
LongTrans;123.06700927734374;51.93280895111674;3.946913350961736;0.986728337740434;0.6605260915188537;0.045901640451905854;3.9846272544958503;0.4175400709122295;0.0345756623259991
LongTrans;132.098095703125;55.2569252221124;4.578377273831687;0.7910508018624498;0.6678897249519482;0.058311390297287886;4.501933661722593;0.43692283418205624;0.038364035828967386
LongTrans;129.05549289279514;61.621432133083076;3.662716065547951;0.9156790163869878;0.6769152617756232;0.03418477420909607;2.733209167209538;0.16420628839301715;0.04480911487118442
LongTrans;130.2636480034722;42.43471088465133;2.5326198076554554;2.5326198076554554;0.05298391239591393;0.0016557472623723102;1.6481490317821075;0.05150465724319086;0.0405329118211584
LongTrans;146.46593478732638;44.436006181179856;2.5326198076554554;2.5326198076554554;0.05322398063034475;0.0015654111950101398;1.519418060130646;0.04468876647443076;0.04126768917888315
LongTrans;143.19552300347223;42.45265986955242;3.262023518739596;3.262023518739596;0.05829029443153911;0.0017663725585314882;1.060733559624536;0.032143441200743514;0.0385980729137319
LongTrans;121.60064236111111;45.92882005013428;3.262023518739596;1.631011759369798;0.5497923339366153;0.014755556235584293;3.317299529296154;0.11396285711032522;0.042239185750636135
LongTrans;104.30930284288195;40.66993861498562;4.796754064731912;1.608143651967053;0.2029416269255531;0.009982365043442699;4.175191774270425;0.23073538009297284;0.03675788171105549
LongTrans;126.65461995442708;52.49142719466403;4.170878374526683;0.5862068965517241;0.6104358583057203;0.14343462808238244;4.531165732016391;1.3912267282933521;0.04528312586837554
LongTrans;117.28963677300347;57.110897472898756;6.711929677819933;0.7715862526933366;0.6104358583057203;0.2099475773526592;6.75946819013632;2.6424376151936366;0.03950596396243972
LongTrans;136.3184174262153;51.64815251587178;4.170878374526683;0.5862068965517241;0.33352117407903975;0.08982727184586892;4.9715480668162;1.5146244734688505;0.04265188369725082
LongTrans;124.01951470269097;53.95467627350177;4.756574397610112;0.8793103448275862;0.32821832773597837;0.0543564532986116;4.632947575557859;0.9699862698497643;0.04274036149690267
LongTrans;124.71896077473959;51.07487030110414;4.170878374526683;0.8793103448275862;0.34124286337952603;0.06553465774484935;4.531165732016391;1.10228902472913;0.04324201947022866
LongTrans;126.6592027452257;47.16859633970242;4.03837631858256;0.16666666666666666;0.6985639785016515;0.04201676848424506;3.869268355913371;0.21073243554962173;0.0426223944339169
LongTrans;124.9804918077257;48.95892521270203;4.03837631858256;0.37097195622808515;0.6622143955727537;0.05052918321585336;3.865912696585311;0.29444642075348365;0.04998718277364778
LongTrans;135.55452935112848;46.60383668799367;2.9639311190871136;0.16666666666666666;0.6622143955727537;0.04162681056064584;2.9447416757704477;0.2238924550618049;0.04132651620010734
LongTrans;149.0194246419271;49.983322994761465;5.3433523074702896;0.4946292749707802;0.5947964276516292;0.03791945153487079;5.641091618938403;0.28189769662693176;0.04312393887945671
LongTrans;144.18402994791666;51.11171400619443;5.163939049466274;0.42396794997495446;0.7523598369411277;0.04815346640001881;5.730205111855467;0.3166986190567617;0.04736199107878512
LongTrans;129.9325808376736;30.730621567102656;4.764265954845047;4.764265954845047;0.05257297611248536;0.00751042515892648;2.775120953761642;0.3964458505373774;0.023033801409779654
LongTrans;119.37676812065972;31.888411385655278;9.0739781050918;2.018867461183578;0.11470122307391696;0.019690774431479933;7.421507257718707;1.0828439239728893;0.02257975034674064
LongTrans;151.04456570095485;33.88774394736701;4.764265954845047;4.764265954845047;0.05594815760197584;0.0046623464668313205;1.3557411678182962;0.11297843065152469;0.024085340445037087
LongTrans;121.83891140407987;30.51309200668541;9.222590730119217;2.1341345321563687;0.10927481157220253;0.023178406541356222;7.589711884598805;1.3496000989175725;0.02189942895159949
LongTrans;129.01744873046874;28.736422380033623;4.751711382433376;4.751711382433376;0.04984199126648404;0.007120284466640577;1.280972780957108;0.18299611156530116;0.021984419616866736
LongTrans;129.17314507378472;35.11841981838544;9.250779592927458;2.115921591885327;0.3001290912379454;0.08108768453528489;10.220126088699391;2.8914481306262667;0.01269161035107961
LongTrans;122.38534098307292;34.75930850874366;7.602631123499284;1.5869411939139952;0.3367678121592892;0.1162412364754952;7.2795971723441495;2.7810902745861688;0.0121077341240425
LongTrans;102.95687093098958;32.48439395553111;7.202777242147643;2.115921591885327;0.32566190993523414;0.08726450707076923;7.03251141555773;2.04736851009376;0.008949831677477626
LongTrans;119.50865044487847;32.63708360722633;7.602631123499284;1.5869411939139952;0.31538572884758825;0.14629766669226876;7.257999027229872;3.4978784910022127;0.011802162814953067
LongTrans;132.15820990668402;38.019318288261836;6.8298652126912;1.7074663031728;0.36349541629891535;0.15660885662724391;7.231708339193831;3.4056901583748918;0.01302555647155812
LongTrans;125.61433512369791;38.257833064102535;5.460885487738414;0.49644413524894676;0.8323186919600186;0.06719951918382186;6.729855483422754;0.4036865715697051;0.06319037868081792
LongTrans;129.21240668402777;36.76743828079646;5.9649467101363145;0.8521352443051878;0.8220431525531049;0.04417907475832215;5.796307299008698;0.2487229083809984;0.04944914168588265
LongTrans;118.75816487630209;37.85794199961379;5.9649467101363145;0.6627718566818127;0.8080933509501417;0.04900301165245647;5.725860404194297;0.29711226876639923;0.05624480673906192
LongTrans;149.41468397352432;40.8255789875606;5.095927211882252;0.3397284807921501;0.854294575467492;0.09295589859862366;4.833359161138025;0.4398168286524829;0.08538452479095512
LongTrans;122.6938623046875;34.472052834577624;5.962476542215028;0.9937460903691714;0.8314128522009786;0.04155228819567404;5.914828008735941;0.24734557740327623;0.04498681860702441
LongTrans;141.34436499783737;26.465354415183953;11.631046814453116;0.25;0.6906604636818895;0.06322173157260685;9.890975177350795;0.7025676543527472;0.01599157937454029
LongTrans;132.86095579724946;24.04662455771179;10.634213016790968;0.3333333333333333;0.5201990560196382;0.0593417141998733;10.045337950512394;1.062245578269933;0.014139598470847363
LongTrans;159.4149360622517;27.973946953235227;15.033907753905542;15.033907753905542;0.04072766981754036;0.0017707682529365374;14.925511107299728;0.6489352655347708;0.01588851411326114
LongTrans;149.700339362665;26.440191390181024;10.77559805827563;3.711695757097883;0.10958749583005184;0.008130900789781357;10.540452673291842;0.8220448660258148;0.015579443754278326
LongTrans;136.30420729106595;28.415313560906906;10.095767841124657;0.24444444444444446;0.6191657378000744;0.054582927183746875;10.099201868289297;0.6053955810797683;0.016997562709454656
NonCracks;153.8934251434949;17.861635925233685;0.0;0.24444444444444446;0.0;0.0;0.0;0.0;0.0
NonCracks;150.88648457429846;17.686068483005602;0.0;0.24444444444444446;0.0;0.0;0.0;0.0;0.0
NonCracks;143.13777004942602;17.248259302938425;0.0;0.24444444444444446;0.0;0.0;0.0;0.0;0.0
NonCracks;162.41671316964286;17.421682353615918;0.0;0.24444444444444446;0.0;0.0;0.0;0.0;0.0
NonCracks;159.5193718112245;18.84861644282738;0.0;0.24444444444444446;0.0;0.0;0.0;0.0;0.0
NonCracks;156.52541553730867;18.49776561548412;0.0;0.24444444444444446;0.0;0.0;0.0;0.0;0.0
NonCracks;138.52541553730867;18.49776561548412;0.0;0.24444444444444446;0.0;0.0;0.0;0.0;0.0
NonCracks;162.3968281648597;17.00964764907773;0.0;0.24444444444444446;0.0;0.0;0.0;0.0;0.0
NonCracks;170.02448879942602;20.34924152512505;0.0;0.24444444444444446;0.0;0.0;0.0;0.0;0.0
NonCracks;170.22287547831633;19.24789512926042;0.0;0.24444444444444446;0.0;0.0;0.0;0.0;0.0
NonCracks;155.98478854432398;17.627364928912733;0.0;0.24444444444444446;0.0;0.0;0.0;0.0;0.0
NonCracks;149.37253368144133;16.82654179310723;0.0;0.24444444444444446;0.0;0.0;0.0;0.0;0.0
NonCracks;172.95910893654337;17.684151948711033;0.0;0.24444444444444446;0.0;0.0;0.0;0.0;0.0
NonCracks;166.94231804049744;17.806363237540225;0.0;0.24444444444444446;0.0;0.0;0.0;0.0;0.0
NonCracks;133.62699298469389;17.243550940609794;0.0;0.24444444444444446;0.0;0.0;0.0;0.0;0.0
NonCracks;156.4266282684949;17.595469409069356;0.0;0.24444444444444446;0.0;0.0;0.0;0.0;0.0
NonCracks;145.9360949457908;18.604911698969293;0.0;0.24444444444444446;0.0;0.0;0.0;0.0;0.0
NonCracks;148.14285714285714;17.257241679533895;0.0;0.24444444444444446;0.0;0.0;0.0;0.0;0.0
NonCracks;152.59703344228316;18.802845686431677;0.0;0.24444444444444446;0.0;0.0;0.0;0.0;0.0
NonCracks;149.7692422672194;18.59498027549183;0.0;0.24444444444444446;0.0;0.0;0.0;0.0;0.0
NonCracks;153.84957449776786;17.569602880843263;0.0;0.24444444444444446;0.0;0.0;0.0;0.0;0.0
NonCracks;167.79768215880102;17.773874592593042;0.0;0.24444444444444446;0.0;0.0;0.0;0.0;0.0
NonCracks;139.8259127869898;16.262723965325378;0.0;0.24444444444444446;0.0;0.0;0.0;0.0;0.0
NonCracks;150.71826670121175;17.357428530988297;0.0;0.24444444444444446;0.0;0.0;0.0;0.0;0.0
NonCracks;158.4024035395408;18.272283019167688;0.0;0.24444444444444446;0.0;0.0;0.0;0.0;0.0
NonCracks;165.59609673947705;24.201019120725327;0.0;0.24444444444444446;0.0;0.0;0.0;0.0;0.0
NonCracks;160.73474370216837;23.41533436184385;0.0;0.24444444444444446;0.0;0.0;0.0;0.0;0.0
NonCracks;178.29386559311226;30.935322521749544;0.0;0.24444444444444446;0.0;0.0;0.0;0.0;0.0
NonCracks;183.576904296875;33.47340890417324;0.0;0.24444444444444446;0.0;0.0;0.0;0.0;0.0
NonCracks;175.82701391103316;32.63442439468285;0.0;0.24444444444444446;0.0;0.0;0.0;0.0;0.0
NonCracks;160.7005391023597;17.974178486472695;0.0;0.24444444444444446;0.0;0.0;0.0;0.0;0.0
NonCracks;165.6646803252551;17.928141083645322;0.0;0.24444444444444446;0.0;0.0;0.0;0.0;0.0
NonCracks;176.5883938536352;18.83058652147719;0.0;0.24444444444444446;0.0;0.0;0.0;0.0;0.0
NonCracks;184.2414102359694;20.336548900383484;0.0;0.24444444444444446;0.0;0.0;0.0;0.0;0.0
NonCracks;128.96683175223214;16.613356622266398;0.0;0.24444444444444446;0.0;0.0;0.0;0.0;0.0
NonCracks;158.54123983577807;18.63463053583482;0.0;0.24444444444444446;0.0;0.0;0.0;0.0;0.0
NonCracks;138.95097755899235;17.090342956368232;0.0;0.24444444444444446;0.0;0.0;0.0;0.0;0.0
NonCracks;141.43058932557398;17.971457903752185;0.0;0.24444444444444446;0.0;0.0;0.0;0.0;0.0
NonCracks;149.54178790656889;18.614957133706813;0.0;0.24444444444444446;0.0;0.0;0.0;0.0;0.0
NonCracks;163.28750797193877;20.49918986487824;0.0;0.24444444444444446;0.0;0.0;0.0;0.0;0.0
NonCracks;150.12422771843111;18.677322959363686;0.0;0.24444444444444446;0.0;0.0;0.0;0.0;0.0
NonCracks;135.16486467633928;19.367041572480606;0.0;0.24444444444444446;0.0;0.0;0.0;0.0;0.0
NonCracks;168.92711156728316;20.08452581446407;0.0;0.24444444444444446;0.0;0.0;0.0;0.0;0.0
NonCracks;138.3014688297194;16.89985640528337;0.0;0.24444444444444446;0.0;0.0;0.0;0.0;0.0
NonCracks;120.86570770886479;17.34598019247906;0.0;0.24444444444444446;0.0;0.0;0.0;0.0;0.0
NonCracks;157.94505839445154;19.20052971646551;0.0;0.24444444444444446;0.0;0.0;0.0;0.0;0.0
NonCracks;144.29886300223214;17.482832308434414;0.0;0.24444444444444446;0.0;0.0;0.0;0.0;0.0
NonCracks;150.11012735172193;18.311033003175428;0.0;0.24444444444444446;0.0;0.0;0.0;0.0;0.0
NonCracks;161.13224449936226;17.45660503829938;0.0;0.24444444444444446;0.0;0.0;0.0;0.0;0.0
NonCracks;142.63926977040816;19.707292742884665;0.0;0.24444444444444446;0.0;0.0;0.0;0.0;0.0
NonCracks;165.39037089445154;24.493427335818225;0.0;0.24444444444444446;0.0;0.0;0.0;0.0;0.0
NonCracks;164.84153280452807;28.081382787633963;0.0;0.24444444444444446;0.0;0.0;0.0;0.0;0.0
NonCracks;131.31731804049744;22.189749316266827;0.0;0.24444444444444446;0.0;0.0;0.0;0.0;0.0
NonCracks;140.86216517857142;23.751144673331158;0.0;0.24444444444444446;0.0;0.0;0.0;0.0;0.0
NonCracks;162.5002291932398;25.51225293407244;0.0;0.24444444444444446;0.0;0.0;0.0;0.0;0.0
NonCracks;151.01382633131377;18.617153562449612;0.0;0.24444444444444446;0.0;0.0;0.0;0.0;0.0
NonCracks;171.53740334024235;20.000185996066538;0.0;0.24444444444444446;0.0;0.0;0.0;0.0;0.0
NonCracks;146.17455058195154;17.956803366872446;0.0;0.24444444444444446;0.0;0.0;0.0;0.0;0.0
NonCracks;142.93729571906889;17.68752589703887;0.0;0.24444444444444446;0.0;0.0;0.0;0.0;0.0
NonCracks;153.74665178571428;18.290282326005013;0.0;0.24444444444444446;0.0;0.0;0.0;0.0;0.0
NonCracks;155.83383490114795;18.317928601801263;0.0;0.24444444444444446;0.0;0.0;0.0;0.0;0.0
NonCracks;156.2535325653699;19.15641047789008;0.0;0.24444444444444446;0.0;0.0;0.0;0.0;0.0
NonCracks;163.35071049904337;19.223663305953;0.0;0.24444444444444446;0.0;0.0;0.0;0.0;0.0
NonCracks;127.38910534917092;16.7939103366343;0.0;0.24444444444444446;0.0;0.0;0.0;0.0;0.0
NonCracks;150.76858458227042;18.1863822066239;0.0;0.24444444444444446;0.0;0.0;0.0;0.0;0.0
NonCracks;156.02078683035714;18.507705223754584;0.0;0.24444444444444446;0.0;0.0;0.0;0.0;0.0
NonCracks;158.8803860411352;17.484756626962163;0.0;0.24444444444444446;0.0;0.0;0.0;0.0;0.0
NonCracks;140.16866131218111;18.7880552436853;0.0;0.24444444444444446;0.0;0.0;0.0;0.0;0.0
NonCracks;146.08782087053572;19.288093550188435;0.0;0.24444444444444446;0.0;0.0;0.0;0.0;0.0
NonCracks;143.895751953125;18.89036900185288;0.0;0.24444444444444446;0.0;0.0;0.0;0.0;0.0
NonCracks;157.49362244897958;20.770424264773823;0.0;0.24444444444444446;0.0;0.0;0.0;0.0;0.0
NonCracks;129.24486806441325;18.826681754388648;0.0;0.24444444444444446;0.0;0.0;0.0;0.0;0.0
NonCracks;175.513916015625;22.47702101426041;0.0;0.24444444444444446;0.0;0.0;0.0;0.0;0.0
NonCracks;153.08097995057398;21.150645212223008;0.0;0.24444444444444446;0.0;0.0;0.0;0.0;0.0
NonCracks;167.14348991549744;22.385612479790726;0.0;0.24444444444444446;0.0;0.0;0.0;0.0;0.0
NonCracks;150.3725037866709;17.868438043154924;0.0;0.24444444444444446;0.0;0.0;0.0;0.0;0.0
NonCracks;171.39195033482142;18.807578052536503;0.0;0.24444444444444446;0.0;0.0;0.0;0.0;0.0
NonCracks;160.97124123086735;18.28188501922134;0.0;0.24444444444444446;0.0;0.0;0.0;0.0;0.0
NonCracks;156.97195372289542;17.40311921214906;0.0;0.24444444444444446;0.0;0.0;0.0;0.0;0.0
NonCracks;141.17782904177295;17.43778345921906;0.0;0.24444444444444446;0.0;0.0;0.0;0.0;0.0
NonCracks;162.05021324936226;19.3550202425142;0.0;0.24444444444444446;0.0;0.0;0.0;0.0;0.0
NonCracks;167.12362484056123;17.868563119999703;0.0;0.24444444444444446;0.0;0.0;0.0;0.0;0.0
NonCracks;165.90401287468111;20.625429973876813;0.0;0.24444444444444446;0.0;0.0;0.0;0.0;0.0
NonCracks;172.76500219228316;18.674666014452587;0.0;0.24444444444444446;0.0;0.0;0.0;0.0;0.0
NonCracks;171.83121910873726;19.3011772432995;0.0;0.24444444444444446;0.0;0.0;0.0;0.0;0.0
NonCracks;158.85372488839286;19.85558306288453;0.0;0.24444444444444446;0.0;0.0;0.0;0.0;0.0
NonCracks;125.12596161511479;18.07861358496876;0.0;0.24444444444444446;0.0;0.0;0.0;0.0;0.0
NonCracks;173.77280970982142;20.58311186063296;0.0;0.24444444444444446;0.0;0.0;0.0;0.0;0.0
NonCracks;153.9043965242347;18.29587402939953;0.0;0.24444444444444446;0.0;0.0;0.0;0.0;0.0
NonCracks;168.2745137117347;18.884424516523765;0.0;0.24444444444444446;0.0;0.0;0.0;0.0;0.0
NonCracks;162.3585877710459;27.712356472198756;0.0;0.24444444444444446;0.0;0.0;0.0;0.0;0.0
NonCracks;142.19514309630102;26.76052005475931;0.0;0.24444444444444446;0.0;0.0;0.0;0.0;0.0
NonCracks;154.2689881616709;25.052677196785627;0.0;0.24444444444444446;0.0;0.0;0.0;0.0;0.0
NonCracks;162.92941844706633;24.998250710256293;0.0;0.24444444444444446;0.0;0.0;0.0;0.0;0.0
NonCracks;167.2089295679209;33.60494429326117;0.0;0.24444444444444446;0.0;0.0;0.0;0.0;0.0
NonCracks;156.88505959024235;19.12610476413577;0.0;0.24444444444444446;0.0;0.0;0.0;0.0;0.0
NonCracks;182.33920101243623;20.90500978863121;0.0;0.24444444444444446;0.0;0.0;0.0;0.0;0.0
NonCracks;158.74915796396684;19.380737963616067;0.0;0.24444444444444446;0.0;0.0;0.0;0.0;0.0
NonCracks;137.41967275191325;18.709528622518455;0.0;0.24444444444444446;0.0;0.0;0.0;0.0;0.0
NonCracks;151.33053152901786;17.29678870824951;0.0;0.24444444444444446;0.0;0.0;0.0;0.0;0.0
NonCracks;158.0937649473852;18.474519168986962;0.0;0.24444444444444446;0.0;0.0;0.0;0.0;0.0
NonCracks;149.08832908163265;17.597887856148326;0.0;0.24444444444444446;0.0;0.0;0.0;0.0;0.0
NonCracks;171.96692143654337;20.518100631410626;0.0;0.24444444444444446;0.0;0.0;0.0;0.0;0.0
NonCracks;160.9676887356505;18.286788563023144;0.0;0.24444444444444446;0.0;0.0;0.0;0.0;0.0
NonCracks;156.9026028380102;20.08578864406843;0.0;0.24444444444444446;0.0;0.0;0.0;0.0;0.0
NonCracks;155.3541882573342;17.69130257497229;0.0;0.24444444444444446;0.0;0.0;0.0;0.0;0.0
NonCracks;155.3541882573342;17.69130257497229;0.0;0.24444444444444446;0.0;0.0;0.0;0.0;0.0
NonCracks;142.8480897241709;18.26024698998142;0.0;0.24444444444444446;0.0;0.0;0.0;0.0;0.0
NonCracks;158.48513233418367;18.46615828179978;0.0;0.24444444444444446;0.0;0.0;0.0;0.0;0.0
NonCracks;148.20804767219389;16.9310542642884;0.0;0.24444444444444446;0.0;0.0;0.0;0.0;0.0
NonCracks;153.2423319913903;18.58387754261117;0.0;0.24444444444444446;0.0;0.0;0.0;0.0;0.0
NonCracks;164.6766432158801;18.1218463383991;0.0;0.24444444444444446;0.0;0.0;0.0;0.0;0.0
NonCracks;161.93435108418367;20.383930650299124;0.0;0.24444444444444446;0.0;0.0;0.0;0.0;0.0
NonCracks;134.94812260841837;17.402869663126047;0.0;0.24444444444444446;0.0;0.0;0.0;0.0;0.0
NonCracks;167.79349689094389;20.57359463288741;0.0;0.24444444444444446;0.0;0.0;0.0;0.0;0.0
NonCracks;154.2072305484694;17.830126726972768;0.0;0.24444444444444446;0.0;0.0;0.0;0.0;0.0
NonCracks;148.43629922672193;16.52955178215699;0.0;0.24444444444444446;0.0;0.0;0.0;0.0;0.0
NonCracks;158.08396444515307;19.543801965546677;0.0;0.24444444444444446;0.0;0.0;0.0;0.0;0.0
NonCracks;149.89724170918367;18.54550725675431;0.0;0.24444444444444446;0.0;0.0;0.0;0.0;0.0
NonCracks;154.63902562978316;18.318366294118256;0.0;0.24444444444444446;0.0;0.0;0.0;0.0;0.0
NonCracks;155.55314791932398;17.17396340071891;0.0;0.24444444444444446;0.0;0.0;0.0;0.0;0.0
NonCracks;140.44366828762756;16.441671721738047;0.0;0.24444444444444446;0.0;0.0;0.0;0.0;0.0
NonCracks;167.01353734853316;18.6835773703036;0.0;0.24444444444444446;0.0;0.0;0.0;0.0;0.0
NonCracks;130.73413584183675;15.577425898618653;0.0;0.24444444444444446;0.0;0.0;0.0;0.0;0.0
NonCracks;145.55242546237244;17.17081727166444;0.0;0.24444444444444446;0.0;0.0;0.0;0.0;0.0
NonCracks;160.64823321906889;21.46880847397519;0.0;0.24444444444444446;0.0;0.0;0.0;0.0;0.0
NonCracks;148.48013492506377;21.919196969336802;0.0;0.24444444444444446;0.0;0.0;0.0;0.0;0.0
NonCracks;154.3998575015944;23.10750200207568;0.0;0.24444444444444446;0.0;0.0;0.0;0.0;0.0
NonCracks;140.7282864317602;20.208611189793643;0.0;0.24444444444444446;0.0;0.0;0.0;0.0;0.0
NonCracks;183.8313835299745;27.808127780746897;0.0;0.24444444444444446;0.0;0.0;0.0;0.0;0.0
NonCracks;160.7838508450255;17.200041084600247;0.0;0.24444444444444446;0.0;0.0;0.0;0.0;0.0
NonCracks;161.9493632413903;18.383812624660145;0.0;0.24444444444444446;0.0;0.0;0.0;0.0;0.0
NonCracks;173.7860032684949;18.492238502875928;0.0;0.24444444444444446;0.0;0.0;0.0;0.0;0.0
NonCracks;143.78951092155611;17.2217969610943;0.0;0.24444444444444446;0.0;0.0;0.0;0.0;0.0
NonCracks;148.7838508450255;17.200041084600247;0.0;0.24444444444444446;0.0;0.0;0.0;0.0;0.0
NonCracks;159.64817342952807;17.260984992452034;0.0;0.24444444444444446;0.0;0.0;0.0;0.0;0.0
NonCracks;162.7873684630102;18.53815025482029;0.0;0.24444444444444446;0.0;0.0;0.0;0.0;0.0
NonCracks;166.25825095663265;16.19389603818571;0.0;0.24444444444444446;0.0;0.0;0.0;0.0;0.0
NonCracks;153.5305773676658;15.90179203514256;0.0;0.24444444444444446;0.0;0.0;0.0;0.0;0.0
NonCracks;184.7547682158801;18.635291783404032;0.0;0.24444444444444446;0.0;0.0;0.0;0.0;0.0
NonCracks;148.00156947544642;18.71054102989685;0.0;0.24444444444444446;0.0;0.0;0.0;0.0;0.0
NonCracks;129.75108119419642;16.8419166893661;0.0;0.24444444444444446;0.0;0.0;0.0;0.0;0.0
NonCracks;154.97733478156889;20.438826162847654;0.0;0.24444444444444446;0.0;0.0;0.0;0.0;0.0
NonCracks;127.14603097098214;18.305555883586504;0.0;0.24444444444444446;0.0;0.0;0.0;0.0;0.0
NonCracks;117.00162428252551;17.01242017945548;0.0;0.24444444444444446;0.0;0.0;0.0;0.0;0.0
NonCracks;159.8082200653699;18.24793171051055;0.0;0.24444444444444446;0.0;0.0;0.0;0.0;0.0
NonCracks;127.59757653061224;16.687008697591065;0.0;0.24444444444444446;0.0;0.0;0.0;0.0;0.0
NonCracks;165.84008290816325;16.82065567139708;0.0;0.24444444444444446;0.0;0.0;0.0;0.0;0.0
NonCracks;145.33562858737244;17.569080494457477;0.0;0.24444444444444446;0.0;0.0;0.0;0.0;0.0
NonCracks;166.77628746811226;18.16972557612662;0.0;0.24444444444444446;0.0;0.0;0.0;0.0;0.0
NonCracks;151.74107142857142;18.16529870848171;0.0;0.24444444444444446;0.0;0.0;0.0;0.0;0.0
NonCracks;156.5807955994898;17.372905636648078;0.0;0.24444444444444446;0.0;0.0;0.0;0.0;0.0
NonCracks;149.76056780133928;18.21843646432663;0.0;0.24444444444444446;0.0;0.0;0.0;0.0;0.0
NonCracks;156.94334941007654;17.30200636459933;0.0;0.24444444444444446;0.0;0.0;0.0;0.0;0.0
NonCracks;153.54464285714286;17.01184709681486;0.0;0.24444444444444446;0.0;0.0;0.0;0.0;0.0
NonCracks;166.05353655133928;24.898685386765656;2.3060023978355986;2.3060023978355986;0.32446765125928784;0.16223382562964392;1.977771551474002;0.988885775737001;0.055237102657634186
NonCracks;160.0021125637755;24.74656308113368;2.23606797749979;2.23606797749979;0.3167662498897291;0.15838312494486456;2.044743955727943;1.0223719778639715;0.0530421216848674
NonCracks;144.62130799585458;23.56639984937401;2.1529733202357755;2.1529733202357755;0.2917937722413237;0.14589688612066185;1.7721865467494748;0.8860932733747374;0.04759441282979824
NonCracks;136.2238221460459;22.453760800165448;0.0;2.1529733202357755;0.0;0.0;0.0;0.0;0.0
NonCracks;136.3556580835459;23.198189862745014;0.0;2.1529733202357755;0.0;0.0;0.0;0.0;0.0
NonCracks;167.24287009725765;20.75260948094481;0.0;2.1529733202357755;0.0;0.0;0.0;0.0;0.0
NonCracks;190.73290517378825;29.31983027956718;0.0;2.1529733202357755;0.0;0.0;0.0;0.0;0.0
NonCracks;172.01031867825256;22.949037037113566;0.0;2.1529733202357755;0.0;0.0;0.0;0.0;0.0
NonCracks;162.24287009725765;20.75260948094481;0.0;2.1529733202357755;0.0;0.0;0.0;0.0;0.0
NonCracks;188.53280951052295;27.951705874153323;0.0;2.1529733202357755;0.0;0.0;0.0;0.0;0.0
NonCracks;154.8465501434949;17.067500863186748;0.0;2.1529733202357755;0.0;0.0;0.0;0.0;0.0
NonCracks;151.04892279177295;18.382732323344467;0.0;2.1529733202357755;0.0;0.0;0.0;0.0;0.0
NonCracks;173.88510443239795;17.97051601073878;0.0;2.1529733202357755;0.0;0.0;0.0;0.0;0.0
NonCracks;171.94042470503825;17.45696704563849;0.0;2.1529733202357755;0.0;0.0;0.0;0.0;0.0
NonCracks;131.26677096619898;16.067310135274614;0.0;2.1529733202357755;0.0;0.0;0.0;0.0;0.0
NonCracks;159.46189413265307;17.713767690698006;0.0;2.1529733202357755;0.0;0.0;0.0;0.0;0.0
NonCracks;160.84339624521684;18.186410576924462;0.0;2.1529733202357755;0.0;0.0;0.0;0.0;0.0
NonCracks;142.097900390625;16.287478451159885;0.0;2.1529733202357755;0.0;0.0;0.0;0.0;0.0
NonCracks;149.83275370695154;18.11241523037514;0.0;2.1529733202357755;0.0;0.0;0.0;0.0;0.0
NonCracks;152.7750169403699;16.696663405819407;0.0;2.1529733202357755;0.0;0.0;0.0;0.0;0.0
NonCracks;154.77514150191325;17.369253538102587;0.0;2.1529733202357755;0.0;0.0;0.0;0.0;0.0
NonCracks;125.83765146683673;15.861471133499274;0.0;2.1529733202357755;0.0;0.0;0.0;0.0;0.0
NonCracks;155.21769371811226;16.581841945111858;0.0;2.1529733202357755;0.0;0.0;0.0;0.0;0.0
NonCracks;163.4114915497449;16.848919539362214;0.0;2.1529733202357755;0.0;0.0;0.0;0.0;0.0
NonCracks;141.45228296396684;16.599369492602623;0.0;2.1529733202357755;0.0;0.0;0.0;0.0;0.0
NonCracks;148.51325833067602;18.630614651530852;0.0;2.1529733202357755;0.0;0.0;0.0;0.0;0.0
NonCracks;156.65100346779337;20.121152247992608;0.0;2.1529733202357755;0.0;0.0;0.0;0.0;0.0
NonCracks;144.22237224968111;19.408957998577453;0.0;2.1529733202357755;0.0;0.0;0.0;0.0;0.0
NonCracks;129.44247747927295;17.812709772990832;0.0;2.1529733202357755;0.0;0.0;0.0;0.0;0.0
NonCracks;155.04748784279337;19.036224990606424;0.0;2.1529733202357755;0.0;0.0;0.0;0.0;0.0
NonCracks;166.25920758928572;20.701412133655097;0.0;2.1529733202357755;0.0;0.0;0.0;0.0;0.0
NonCracks;144.04130959024235;19.988181409941884;0.0;2.1529733202357755;0.0;0.0;0.0;0.0;0.0
NonCracks;190.60616629464286;28.738887726085547;0.0;2.1529733202357755;0.0;0.0;0.0;0.0;0.0
NonCracks;182.42679767219389;23.957323863616182;0.0;2.1529733202357755;0.0;0.0;0.0;0.0;0.0
NonCracks;157.7473692602041;20.185660275418062;0.0;2.1529733202357755;0.0;0.0;0.0;0.0;0.0
NonCracks;157.08180703922193;18.995097649260813;0.0;2.1529733202357755;0.0;0.0;0.0;0.0;0.0
NonCracks;136.1214973294005;17.23416674360364;0.0;2.1529733202357755;0.0;0.0;0.0;0.0;0.0
NonCracks;166.99847038424744;20.415078328591047;0.0;2.1529733202357755;0.0;0.0;0.0;0.0;0.0
NonCracks;167.44741509885205;19.456943218400575;0.0;2.1529733202357755;0.0;0.0;0.0;0.0;0.0
NonCracks;141.8333067602041;18.067679791498342;0.0;2.1529733202357755;0.0;0.0;0.0;0.0;0.0
NonCracks;158.08513034119898;17.84966325819271;0.0;2.1529733202357755;0.0;0.0;0.0;0.0;0.0
NonCracks;177.23435008769133;18.552113220136512;0.0;2.1529733202357755;0.0;0.0;0.0;0.0;0.0
NonCracks;141.68432118941325;17.177778909942127;0.0;2.1529733202357755;0.0;0.0;0.0;0.0;0.0
NonCracks;148.90421715561226;18.44806623234662;0.0;2.1529733202357755;0.0;0.0;0.0;0.0;0.0
NonCracks;155.14475546077807;16.443141439778227;0.0;2.1529733202357755;0.0;0.0;0.0;0.0;0.0
AlliBlock;126.65839816623264;32.67067219701469;6.384101875499542;1.5960254688748854;0.2865398099282351;0.10814383474607905;6.071917687838009;1.8928085725080739;0.018989966000497554
AlliBlock;108.75353488498264;32.70702284080547;7.577801589054501;1.8944503972636253;0.29852202507237646;0.10645408366903353;6.339918421632871;1.595016862583666;0.01853949658773796
AlliBlock;137.924736328125;32.20468906227133;7.385016014773533;2.461672004924511;0.5249243468315876;0.09681479126053573;7.537035653813594;1.2917166254122574;0.011718857205587727
AlliBlock;142.2682212999132;35.39760979928224;4.423736479995666;0.7176577734119252;0.3355075283855122;0.06333418468979543;5.3342678419419505;0.8253316486813337;0.01016633326939413
AlliBlock;113.67208550347222;29.452978139769094;7.385016014773533;2.461672004924511;0.23431964829028507;0.07075994677071676;6.330882092636577;1.7959950457515204;0.013248309603650157
AlliBlock;132.90499565972223;32.856538714306225;4.694058801739497;0.7984013340829827;0.6227620408335733;0.07770430175765174;3.723180714252576;0.5623098959964323;0.03084365649730153
AlliBlock;118.74881781684027;33.40426011155273;3.0625;0.765625;0.5729177417919104;0.050580498508121574;2.9649165358886718;0.5090693302019496;0.027338851266616504
AlliBlock;138.38474582248264;33.25727923437999;5.090170534036533;0.7984013340829827;0.6227620408335733;0.07874464615245957;3.365471369050148;0.5440932875132879;0.029835735836406304
AlliBlock;139.4500341796875;30.64637147848025;5.461723532013463;0.7896387856258745;0.5605725757785098;0.0946390439254071;4.561505962245277;0.7350556572997051;0.025424200278164118
AlliBlock;148.5885470920139;32.40939175033844;4.694058801739497;0.7984013340829827;0.6137365040098984;0.07706246482190943;3.773100141837677;0.574771384750196;0.030641914560501006
AlliBlock;126.77509901258681;31.70394788037723;2.3931012996490777;0.53125;0.8419673388363527;0.024092853589854996;3.8208943825579738;0.1388669108365079;0.052866078313769174
AlliBlock;128.17017008463543;34.18183551089082;2.3968022283228794;0.3541666666666667;0.8165529609845744;0.02894674728421201;3.7286453958379107;0.1609512667039409;0.05715350864615296
AlliBlock;122.10402398003473;28.908013288506826;2.3931012996490777;0.53125;0.8455809394026486;0.035736422930406166;3.8661993005729407;0.20626775338851736;0.05121478270788183
AlliBlock;142.3841672092014;33.233561420392164;2.3968022283228794;0.3541666666666667;0.8460447157831144;0.033094042285231266;3.661610921342551;0.1795459296756774;0.056668673144724395
AlliBlock;124.77003472222222;34.82795901490294;2.3968022283228794;0.2125;0.8460447157831144;0.05616376139312795;3.6591156372200135;0.23291178360735923;0.06046832748403429
AlliBlock;125.25473659939236;38.20783786325308;4.66419521258835;0.894695908804086;0.38630251806255905;0.04163327117840878;4.106413402997888;0.5072896585294151;0.01699404105054072
AlliBlock;128.52837782118056;37.23103156957721;4.66419521258835;0.894695908804086;0.3933987922265102;0.041720730719490895;4.106413402997888;0.5256660150340702;0.016657473800330943
AlliBlock;102.74638617621528;34.91784675241674;4.710871224339262;4.710871224339262;0.2448346155943946;0.014402036211434975;2.903590279672595;0.170799428216035;0.0025019036223213314
AlliBlock;147.50748209635415;39.552288633410704;4.66419521258835;0.9430922950184022;0.38847287809724634;0.03782855255269197;4.080229532279638;0.4271783868621376;0.014140302613480055
AlliBlock;118.4880419921875;41.63448265773283;5.5;0.894695908804086;0.5261912927414728;0.041707435050229204;5.859022744712611;0.43037218727113635;0.010969723562966213
AlliBlock;125.24132921006944;26.09207771195983;3.515230642934976;0.878807660733744;0.43700901779086887;0.07783346397471513;4.601037680918693;0.8441550459778404;0.041150055073855454
AlliBlock;110.90747856987848;24.247658411249365;3.5863726752133895;0.4985682114193689;0.3795410609693563;0.07256636354115145;4.845528388688982;1.0180787743151092;0.035127621935809955
AlliBlock;135.3195339626736;28.625389870658857;5.0;0.7030461285869951;0.42835685638469;0.07517030651174804;4.292333680661515;0.8392505945460041;0.041767930820098345
AlliBlock;119.30488579644097;27.86924417990871;5.742209763929995;0.7030461285869951;0.416594665508873;0.08569061617830974;5.014052118317017;1.0681436146317351;0.04106184693589381
AlliBlock;116.50858751085069;23.959459858847968;3.5863726752133895;0.4985682114193689;0.3731622196085268;0.0713262436781479;4.886815761273954;0.965124046844805;0.035011370974534634
AlliBlock;135.0503439670139;29.339002464925326;5.336547385459677;1.778849128486559;0.33937815104637253;0.028949655244524735;4.365926586590831;0.6265192063298067;0.04244549387778186
AlliBlock;132.2112882486979;28.827276467027385;5.336547385459677;1.778849128486559;0.3339550358910187;0.028579016395947905;4.658412528820792;0.644449608997189;0.042091872791519436
AlliBlock;143.0434689670139;29.34148209807965;5.336547385459677;1.778849128486559;0.33937815104637253;0.028960269125365416;4.365926586590831;0.6246883649319872;0.042474973135003674
AlliBlock;148.59769287109376;28.26895333585061;5.336547385459677;1.778849128486559;0.33937815104637253;0.030545303419473636;4.365926586590831;0.6729896302084922;0.0410324475445483
AlliBlock;134.53762261284723;26.51397392454856;6.741249472052228;1.685312368013057;0.3341164840661335;0.04206224583647202;8.056943630612531;1.1703044689900097;0.037779404312820224
AlliBlock;128.03514999239076;39.81093166305914;5.4644304369257;0.42034080284043845;0.7160387346222992;0.04652454662778678;5.471048468034763;0.22247134678744737;0.06714708154620774
AlliBlock;122.18492073861816;42.45771394888651;4.843711228132666;0.6054639035165833;0.676082135069813;0.028035233812548323;5.240757812272482;0.17586858171855105;0.050743645568292105
AlliBlock;123.57126453267173;39.39747402142009;5.4644304369257;0.54644304369257;0.6269665307842731;0.029482896002569505;5.416999485854634;0.17814879726644794;0.064962513957569
AlliBlock;137.97863326805395;40.16927800230557;6.848105703341467;0.7520988473364426;0.45833259091903455;0.020592759267301693;7.286281968032454;0.2659812259688329;0.04258032611949039
AlliBlock;130.96154686598905;41.734357123501525;5.8309518948453;0.7520988473364426;0.4428345938765921;0.01792942761846808;7.2218704837811805;0.2306766752797748;0.0440885158734296
AlliBlock;125.6102525499132;41.77277631308476;3.2;0.14946732069277333;0.4773591564148661;0.05795482643300975;2.8008993621787956;0.33220421847150855;0.08108742191853134
AlliBlock;114.08487467447917;44.743463234709644;4.20242517583485;0.09391179596395323;0.540711548463548;0.09414895261764424;3.251571268405966;0.4963250883433238;0.10493660642028595
AlliBlock;147.28473876953126;42.877022090955045;3.2;0.11210049051957999;0.544072331845806;0.08606530003193266;2.792800679632504;0.3979702021569031;0.09019932572307328
AlliBlock;122.00160373263888;43.40424321577065;4.3266615305567875;0.11203609536074825;0.544072331845806;0.07738536875393877;3.2899184969029855;0.43827976207236774;0.09629453399155416
AlliBlock;96.64364013671874;38.656729092095546;3.220227168026913;0.3436652907647502;0.6340062955329218;0.026613983682703717;2.5626465433917427;0.14874127316163968;0.05226500727885137
AlliBlock;127.37609673394097;49.24570621593679;3.2954545454545454;0.13636363636363635;0.6573382252400569;0.06119168270112184;3.459751693789651;0.2801463394298069;0.07632116788321168
AlliBlock;105.74310709635417;45.72284439808136;3.372093023255814;0.1860436639554252;0.5664032258121499;0.04106683915150629;3.525019775026807;0.21511894658492775;0.0595539204414808
AlliBlock;141.78300048828126;48.12453856676894;3.372093023255814;0.1735655495770978;0.5782894365675115;0.04335219337235679;3.481118870429016;0.21999754689272494;0.06546431977802826
AlliBlock;120.07059488932292;53.32600769929271;3.2954545454545454;0.09615384615384616;0.6645845226313295;0.07349990487475523;3.4674164002408996;0.35151195496467247;0.08932951153925711
AlliBlock;142.66931749131945;52.23406062106989;3.2954545454545454;0.125;0.6549928661558186;0.05880526564864937;3.4609598872919305;0.25359409394000715;0.08516087250890465
AlliBlock;124.670771484375;50.679361015013356;3.1923076923076925;0.3613693751257989;0.5774761902131792;0.04083775999965973;3.454844354298535;0.2890051051601037;0.08181711468482217
AlliBlock;134.97333197699652;53.258371511838625;3.111111111111111;0.19047619047619047;0.6181121258924052;0.054112799920743554;3.4377306553613627;0.34736536897423875;0.09249325786088966
AlliBlock;143.00053385416666;53.4437546314974;3.4665893006398014;0.29709435923651506;0.5887992527663789;0.04556049529381134;3.5142815621011616;0.298942847731748;0.08743362831858408
AlliBlock;134.47027180989582;52.16438722765893;3.3609087271418217;0.19047619047619047;0.6181121258924052;0.05452842018551692;3.3545856479601337;0.34701989519849463;0.08583210603829161
AlliBlock;127.45795328776042;49.16532781081598;3.3609087271418217;0.4129935715723416;0.5544542126967407;0.029392437048746216;3.3790535904965022;0.27032676993851956;0.07418847252170872
AlliBlock;128.7323388671875;48.228531322180494;7.16860438920219;1.433720877840438;0.2625832846201399;0.02948981714178799;6.083802518899054;0.6483008308834832;0.05685043433387804
AlliBlock;116.9977853732639;48.504434654831684;7.16860438920219;1.194767398200365;0.2625832846201399;0.035244351352952626;6.09986415225337;0.6536550829342213;0.05627507163323782
AlliBlock;119.24873074001736;49.70076867559246;4.7817763033609815;0.7691399694203255;0.2625832846201399;0.026688039533242253;3.775376463612611;0.5226925825372839;0.05785123966942149
AlliBlock;121.60745903862848;44.2515610241701;7.16860438920219;1.0240863413145986;0.33379807836599734;0.05927959804487576;5.8525632676585575;0.9956625654554436;0.05235512417927491
AlliBlock;114.6297425672743;45.017194108368656;7.16860438920219;1.0240863413145986;0.33379807836599734;0.05232721773923957;5.596449060694063;0.8167101818984436;0.052204937919223635
AlliBlock;131.97081252869606;26.130472169049472;8.620027729002992;1.077503466125374;0.4983446094809234;0.0671551907575268;9.579240266432645;1.2518684148112589;0.044263177508177716
AlliBlock;156.10821739331445;27.737765179607475;8.840731677037022;1.1050914596296277;0.5173291456931561;0.05675122520580995;9.952274627573175;1.0277557737319365;0.04554028563729453
AlliBlock;109.95750971680185;23.8430370497099;9.315826070972738;1.8631652141945476;0.2899803437631184;0.027350115743873152;9.462880514966209;0.9411855563632183;0.032442943403950465
AlliBlock;131.11748661648045;28.642780702031803;8.840731677037022;1.1050914596296277;0.5173291490830596;0.04526730518166751;10.181627499229837;0.8138881541617542;0.047320446004028155
AlliBlock;158.09672203410366;28.269599146388714;8.840731677037022;1.1050914596296277;0.5268214235957829;0.050860460185527374;10.034193347839603;0.8724009914692269;0.045128672661721436
AlliBlock;126.58494222005208;46.969850020725296;4.697277218272957;0.36132901679022744;0.5860697405008932;0.06706366842157876;4.7475724922449345;0.43364263345364;0.11759890859481582
AlliBlock;128.3567439778646;50.4320945172776;3.7417663824302494;0.28782818326386533;0.5860697405008932;0.07329763220359173;3.7558356223830938;0.536417524549414;0.15340571321297833
AlliBlock;140.1953697374132;47.5812110086515;5.6676870573387905;0.4359759274875993;0.5227448074987849;0.06320109551931023;5.58826472189365;0.42795447675867776;0.11780223778768308
AlliBlock;116.10429877387153;49.06483334828015;4.341085632629303;0.27131785203933145;0.5860697405008932;0.08038790857222335;4.821071734400757;0.5647429256939922;0.1315959112257114
AlliBlock;127.99516357421875;42.48276469855987;5.945952770948854;0.49549606424573783;0.462270049388276;0.06655578324334621;4.033229370644632;0.4405878472781425;0.07988399683627735
AlliBlock;134.6862445746528;30.240249616297525;4.876947342817574;1.193553084499069;0.4460342236193893;0.09148236711708269;6.0991275330503045;1.6018891046014787;0.026623593628160854
AlliBlock;123.37980414496528;28.04452741073873;4.774212337996276;0.9548424675992552;0.6511274257789309;0.18080190079134895;4.957903725431784;1.5600635786417685;0.024113790421157907
AlliBlock;121.91477159288195;27.707095369175217;6.652818951391959;0.7630628789719478;0.5449705313375663;0.18113495737405813;6.904130671342236;1.8591851185282984;0.023545091070635273
AlliBlock;136.78168592664932;32.37897049636043;4.909175083453431;1.0547511554864493;0.4514654211784434;0.08528793236337433;5.724634904439882;1.1637472837370424;0.02708124373119358
AlliBlock;143.34272271050347;30.943792511515156;4.952605565436486;1.193553084499069;0.5236106970339933;0.09094193959396497;5.830705779163066;1.0277976664695843;0.025795141497620837
AlliBlock;128.71870008680557;37.16080506495857;7.142857142857143;0.3606201384365313;0.4709197524414261;0.027647996616581363;7.365618665612357;0.42263426271691235;0.05407028278958053
AlliBlock;146.4190033637153;39.82565219951784;7.142857142857143;0.3606201384365313;0.5315296494355249;0.022628825258184174;7.224043995842869;0.30196859617129085;0.05633560662502149
AlliBlock;111.8666615125868;36.460837205438295;7.142857142857143;0.5409302076547969;0.20989137154808446;0.009998818412618531;6.7073874826081665;0.34080148815300326;0.051304719806074435
AlliBlock;149.00575575086805;40.32049463104759;1.099054499139696;0.5409302076547969;0.19411221079338084;0.00716332105305317;1.9038864537760116;0.09549011454867717;0.059919493962047155
AlliBlock;148.3047523328993;39.51822395436496;1.790089352379585;0.5409302076547969;0.2817754247361487;0.009599372007479956;1.807752701311136;0.10352694375724728;0.05873230132973377
AlliBlock;126.39833468967014;47.57784556789597;4.420953244064779;0.3500440889338525;0.5139842190405118;0.06952236148938773;3.6775271541235255;0.7933730761478521;0.06737701595390451
AlliBlock;146.91112874348957;50.97537208178828;6.637017402418047;0.23855691914032753;0.4415463791952493;0.09122705457800377;8.041403991641767;1.4962469338583368;0.07116083103297981
AlliBlock;125.81579671223959;50.239889046100515;6.2787798912748105;0.17502204446692626;0.6101344004020347;0.15829866121811922;8.604712730607163;1.3634696445681616;0.06147599988482248
AlliBlock;137.1779283311632;45.559739741261936;6.474803234313528;0.2726364790175172;0.6057002971234587;0.08811107458729844;6.976696481481339;1.0771257462896981;0.06080400564012546
AlliBlock;146.980205078125;52.34649356285481;6.637017402418047;0.3020305058608952;0.4483363713461779;0.09702756037224017;8.241860869542824;1.5786699314118298;0.0716902145473574
AlliBlock;131.5425168185764;32.80234087178988;3.837933002246096;0.9219936303116525;0.33499265860735944;0.05628639100939949;4.082013716972068;0.6804500796790334;0.0705697856769472
AlliBlock;155.21096923828125;35.8996927435788;2.92466943006689;0.9748898100222966;0.3011679385069236;0.030841899575704563;3.0995920970642077;0.3799091419130076;0.07751666082076464
AlliBlock;130.00820610894098;33.799590017655525;3.837933002246096;0.9488313332075435;0.33499265860735944;0.04678020560626914;4.082013716972068;0.56104233987865;0.07140988752288778
AlliBlock;109.26364013671875;32.12272897338148;3.837933002246096;0.9219936303116525;0.33499265860735944;0.052055761675236574;4.082013716972068;0.643061976256728;0.06976204294834591
AlliBlock;99.71439832899306;29.756942816252455;7.25190760658368;0.8975274678557508;0.3538081123166474;0.0806475139438744;7.255260902494473;1.5969129954175534;0.06426468040879958
AlliBlock;127.02583713107639;26.626129116217598;4.382451637262091;0.2142857142857143;0.8637160150395913;0.09343223079753886;3.9306436901494486;0.734262898835122;0.05413056532555546
AlliBlock;114.61905192057291;26.006160781251676;7.40936222954774;0.7304086062103484;0.4679599633994741;0.06550423532414545;7.701931762063341;0.8427071577443515;0.049060899260102445
AlliBlock;115.34730875651042;24.711537793057378;8.71614328967542;0.7256392268763446;0.5153704917790335;0.0678687024403086;10.156260218828981;1.0481502714268136;0.043596421696297134
AlliBlock;147.23716796875;27.989151723512823;8.506095375469602;0.16071428571428573;0.8798602321008162;0.12207698539917614;8.900269194539543;1.2403294576921462;0.047927682074023537
AlliBlock;118.97788872612847;28.603766331032375;6.519202405202648;0.17857142857142858;0.8223146556064651;0.10989446300869582;5.648065810658338;1.0159041768709216;0.05700194976488129
AlliBlock;132.06048909505208;33.2505691944862;2.5612496949731396;0.3026315789473684;0.6158003738586469;0.11142699310461737;2.976552795768959;0.5234508199770646;0.06737701595390451
AlliBlock;126.89446099175348;35.84978277395899;2.5612496949731396;0.2555990656339361;0.611029039242793;0.08244113896519133;3.056393302022513;0.3661227064739118;0.0692345621718827
AlliBlock;110.37997992621528;32.68834306559035;2.5612496949731396;0.3026315789473684;0.6258625566328994;0.11281386077789902;3.056393302022513;0.5297983611078041;0.06694451680125033
AlliBlock;125.57104790581597;32.864017814782216;2.5612496949731396;0.3026315789473684;0.6252563933150947;0.10729212376592223;3.056393302022513;0.510511353547574;0.06768615865844121
AlliBlock;142.6957511393229;34.80943255334534;2.5612496949731396;0.2555990656339361;0.616892697106789;0.08599377631474556;3.056393302022513;0.3754834695300777;0.06873858464036181
AlliBlock;129.4057039610166;34.41281427508613;6.324555320336759;0.05981005079427239;0.8930954337295346;0.08600724803153872;5.894602828823903;0.5983417800021341;0.08029935275080906
AlliBlock;127.68055442918589;34.05452356220598;7.3245237830625305;0.07379630210705959;0.8930954337295346;0.07825845515037862;6.4122398812488495;0.5168144716970423;0.07604797657582636
AlliBlock;99.40371466703512;31.88782532687649;6.324555320336759;0.11538461538461539;0.8871520591393185;0.05646215625482748;7.369850297526874;0.4337955024536515;0.04438795463433711
AlliBlock;127.91454108195566;34.75572767186654;6.324555320336759;0.06684705091797569;0.8930954337295346;0.06396418088438431;5.70864238192047;0.5740568346987693;0.0675879162613435
AlliBlock;135.03373552239523;33.82929785648664;7.3245237830625305;0.08670108706123657;0.8930954337295346;0.048826473046255266;6.455668638941577;0.5136981011337872;0.05090904320906682
AlliBlock;141.2785948181308;46.951311987296684;3.927222545651943;0.08333333333333333;0.6762973851062596;0.054642207822587906;3.3805710526610193;0.37356904983572126;0.03360655737704918
AlliBlock;152.9081198267396;49.61609397251828;4.1522739926869985;0.21152326530203558;0.5054300588963175;0.051736499062923366;4.307759589142161;0.33600085054850587;0.02766798418972332
AlliBlock;144.29164713740946;46.154150662565634;4.0;0.08333333333333333;0.7069215116615022;0.0625266558431034;3.4493010474527903;0.3810858428401353;0.03022875816993464
AlliBlock;126.36602909620191;46.89235616745757;3.6666666666666665;0.07692307692307693;0.6762973851062596;0.05994235298720818;4.2768588660859095;0.3937333286609192;0.03364892003770646
AlliBlock;149.77699082842312;46.0344619631075;4.5;0.08547008547008547;0.5363782910636573;0.07246812132694562;3.809177780902482;0.5063490419716492;0.02871594061021374
AlliBlock;128.40903835720485;30.787734426316717;7.090909090909091;1.4019997796054875;0.09448505977119792;0.006668786255918589;5.9826377072402295;0.3780975804587656;0.03533112396787058
AlliBlock;128.8670933702257;32.940362094459935;7.090909090909091;1.1421296588992362;0.1007866210594028;0.006216550256955657;5.616771869243019;0.3370549494705852;0.040004513908480505
AlliBlock;121.12517876519097;28.446026967419755;8.469401940560457;0.9347319302621359;0.2612579434727393;0.028901389912428625;7.870483348824791;0.840827075048042;0.03240261013246702
AlliBlock;134.59819091796874;29.755421368880583;8.469401940560457;0.9347319302621359;0.20838893300746666;0.022255010677574887;8.21200144514456;0.8416958727584687;0.03327073464697144
AlliBlock;107.45889594184028;30.77673986833916;8.562046599692659;2.111111111111111;0.20703060419720137;0.01576392913126098;5.350007279340475;0.4846789683567292;0.03292330970326991
AlliBlock;132.6772998046875;33.05776163274335;3.9227229193559947;0.5296296296296297;0.3083585505476578;0.027489344951536657;3.5907011828115016;0.422080001214425;0.07972585085818054
AlliBlock;146.18812201605903;35.56458070071122;1.0592592592592593;1.0592592592592593;0.02068450041264304;0.00129278127579019;1.223846520527956;0.07649040753299725;0.08235708623271382
AlliBlock;130.22830268012152;32.66947217056279;5.764694902340727;2.8823474511703635;0.17768931717222003;0.019993747998434973;4.704608981546382;0.5992860911763406;0.08089722914528662
AlliBlock;135.30005045572918;30.59960936537306;7.443117626371357;1.1529389804681454;0.5770906368814003;0.08527660593931616;7.272748609676658;1.3694853072335367;0.0751283247783481
AlliBlock;149.40694308810765;33.37804907366667;7.443117626371357;1.921564967446909;0.2015387132949663;0.033926730404114785;7.272748609676658;1.1532694215242885;0.08023208111117623
AlliBlock;126.89648518880209;33.14144216563271;1.9090909090909092;0.9545454545454546;0.7124045335003721;0.05777167592414914;2.428186513143775;0.3207907419561018;0.06401893436471742
AlliBlock;133.7325786675347;35.84759849656179;1.7272727272727273;0.37722596269888076;0.7469857597908273;0.13230493858276393;2.2372029357778715;0.5059820370649963;0.06991728341314758
AlliBlock;151.3998939344618;35.78256777412736;1.8181818181818181;0.37722596269888076;0.731917569395211;0.13675343841965432;2.30183491111259;0.4915186155344117;0.06976204294834591
AlliBlock;148.93981879340276;36.18407104313295;1.8181818181818181;0.37722596269888076;0.7226713335851613;0.12666855608150052;2.4129685438836828;0.46224146896235907;0.06997939221548197
AlliBlock;107.84481065538195;31.43990599108488;6.07515550836907;0.6363636363636364;0.7124045335003721;0.0790185139074597;5.913438422882877;0.9403761888011022;0.06211824363259191
AlliBlock;127.50926974826389;50.99941014761084;2.4;0.3976674667191775;0.7224212178380823;0.050484275453194324;4.199656425764618;0.21879495287225523;0.07928328844126947
AlliBlock;129.84480088975695;47.33161761417938;2.6925824035672523;0.3976674667191775;0.7100626900747463;0.04060960301311429;2.185069278544656;0.17200100577757985;0.06737701595390451
AlliBlock;139.79334445529514;50.475654078488255;2.4;0.3976674667191775;0.7224212178380823;0.05272418819648065;2.0694298438625998;0.18078307630369375;0.07855700868954621
AlliBlock;142.25016493055554;51.817190606760136;2.4;0.40116247557527374;0.7224212178380823;0.055603186047898136;2.040772725911851;0.17791678409059855;0.07978910369068541
AlliBlock;118.36003662109376;54.28029884953906;3.0413812651491097;0.3379312516832344;0.7301687001649115;0.07313980031449467;19.413705905344926;0.6956023083225815;0.0651872399445215
AlliBlock;125.34604953342014;34.88635012456003;8.071008392424595;1.1026386379099755;0.21777988634097262;0.050509099325982736;6.930024772455257;1.3669873990797343;0.021729490022172948
AlliBlock;138.76071207682293;36.32588514783587;6.565178025004347;3.0690257279662747;0.241202443068422;0.021438262818784505;7.655462971885564;0.7797035348142772;0.01481032869019435
AlliBlock;132.53910671657985;34.604085900790686;7.433034373659252;1.1291092083440704;0.6032158368281165;0.07681837295900584;8.29327311779206;1.4921372615106838;0.018398806563898557
AlliBlock;114.73216769748264;35.253867137974346;8.071008392424595;1.0227198454869941;0.556963172048614;0.10619384034673662;6.581744707744354;1.2725054947906804;0.02014611467788355
AlliBlock;136.78775553385415;37.7931195530988;6.5843637622663405;3.2921818811331702;0.1605099780180414;0.01734887410534125;6.012511840755353;0.6586952237691981;0.015901011381486484
AlliBlock;132.51450439453126;36.82503808593446;1.9216686648629988;0.6100212152938141;0.14509085967770147;0.013519990308263013;1.8632532188807824;0.2303751029317464;0.06123153985663701
AlliBlock;147.26554633246528;38.01632565330717;1.9811612756158947;0.44871997325268115;0.5522233853173067;0.03882179739235999;2.352006247572844;0.32570027924313694;0.0651872399445215
AlliBlock;131.50462809244792;38.067845631850226;1.9216686648629988;0.5982932976702415;0.14509085967770147;0.01244653117200521;1.8395403809043398;0.2065324105942644;0.06463351238953388
AlliBlock;154.08242974175346;37.99175917172355;1.9216686648629988;0.44871997325268115;0.5706056659796296;0.039608183051843854;2.296990402522799;0.30981361513524835;0.06669753175728464
AlliBlock;138.87133029513888;37.21428137515727;1.9811612756158947;0.44871997325268115;0.5522233853173067;0.03821865390931406;2.352006247572844;0.32133128444843684;0.06441832933906967
AlliBlock;124.50448649088541;37.69154703702333;4.819442605429286;2.409721302714643;0.10914602698296999;0.006302213117647124;5.237681901550927;0.33635071569819797;0.05769948067598198
AlliBlock;115.84046820746528;34.309505360965424;7.0032959273583355;1.7508239818395839;0.37978555684512816;0.037710399927094344;7.002116146012793;0.7084828901125234;0.050945063716965534
AlliBlock;128.73483588324652;40.63554873331894;4.875199233628054;2.437599616814027;0.11521007824032084;0.006253557901659747;5.360694371763177;0.3302108108761362;0.06279190451478983
AlliBlock;108.3287877061632;37.396014566073205;8.465956165319039;2.8219853884396797;0.40992726770585264;0.025756450992362147;7.156494068920183;0.659184296887453;0.05479412858737017
AlliBlock;140.49684814453124;37.69268952582103;4.819442605429286;2.409721302714643;0.10914602698296999;0.006302213117647124;5.237681901550927;0.33635071569819797;0.05769948067598198
AlliBlock;133.41957221137153;35.41279675565667;4.4045431091090474;0.6846554288360815;0.47936004350595907;0.05376209672275451;4.8438324962057075;0.6181076412542592;0.02479706438340932
AlliBlock;127.1746706814236;34.42484339544076;4.5749460110876505;1.1437365027719126;0.4196588265982478;0.04311553128929154;4.061742428924623;0.5022169295862903;0.020795835294769197
AlliBlock;147.94687825520833;37.00917518203942;5.263078946776306;1.1917919366670378;0.3930365415068353;0.044421201722470965;4.36618586641581;0.5229923784526512;0.019328079635006223
AlliBlock;137.5969783528646;37.23838034967593;4.2573465914816;0.5705461906967346;0.4924073977780119;0.07325421199856982;4.375953827872619;0.6420973799717459;0.02845664546367593
AlliBlock;133.6136984592014;36.54310032083775;4.104875150354759;0.6846554288360815;0.47936004350595907;0.05326989439193839;4.273823053561341;0.5783450497557906;0.025823686553873553
AlliBlock;131.7528919813368;49.140138987694954;4.965263956110104;0.40473915536987065;0.3011015054076738;0.1415962513220942;5.771175068647479;2.5401493200507175;0.0634050654820285
AlliBlock;126.62499620225694;49.620709929650445;4.965263956110104;0.40473915536987065;0.30481880794357097;0.14091748651963598;5.65901349619307;2.5773793670290956;0.06266935716344768
AlliBlock;149.25032769097223;55.02785285413531;4.219004621945798;0.9649370040374973;0.2412790238375974;0.08741792979024966;2.7374651737711995;1.8726102272368843;0.06224066390041494
AlliBlock;142.14331976996527;48.409457331821194;4.219004621945798;0.973702668073344;0.23385505387336364;0.08491958726922617;2.7347965953847613;1.8510263082775174;0.06132319917084125
AlliBlock;137.60380181206597;52.371578355372726;4.219004621945798;0.607108733054806;0.23942303134653894;0.08874512344289588;2.750566047514078;1.5525393129013667;0.06303708403022089
AlliBlock;128.9252582465278;42.55365337319932;6.986083962243567;0.24242424242424243;0.32890670186362675;0.026895442660408143;6.446824827999816;0.5629402812890749;0.09561030701102624
AlliBlock;138.0906222873264;39.4759051801587;4.0;0.3554011584855072;0.5548075206180308;0.05614107679818071;3.9293458928989855;0.5576596865038597;0.0858640902530266
AlliBlock;118.74030517578124;45.62562593218578;4.494095147158085;0.26039499909859165;0.5836639845159008;0.040789734162327694;4.271255384930506;0.38097985353833447;0.08496924390028548
AlliBlock;126.90530164930556;38.75453925580642;5.775944811157605;0.3874921291460643;0.5760465505277828;0.04273621685918243;5.617183163625508;0.5055969380812291;0.08222998561489006
AlliBlock;129.32176920572917;44.17556990961779;5.1360792775061;0.2077922077922078;0.4798758756208652;0.03726145725897722;5.404066912335311;0.48876335026976514;0.10573202555565554
AlliBlock;125.02780490451389;32.43730732955188;4.336122229621767;0.3081896551724138;0.5263390601807264;0.049905565648026;3.9353259537966285;0.581127140048175;0.06447980133406485
AlliBlock;154.6723353407118;35.58127030954777;2.9999999999999996;0.3783068783068783;0.5263390601807264;0.06428532135380406;2.491956538948893;0.5145739326120058;0.07309405292114225
AlliBlock;135.6612730577257;33.02198184297329;4.55892353344337;0.4177632722385704;0.5002482681738815;0.053948291386269505;4.075715941376947;0.6643111925282501;0.06685188400764022
AlliBlock;125.79582573784722;33.294548255127836;4.123105625617661;0.4177632722385704;0.5002482681738815;0.05363249527612107;3.8900458701133425;0.655042691367082;0.06815020862308763
AlliBlock;106.51177815755209;30.628208460244732;5.055937104039171;1.0111874208078342;0.36517669818231563;0.05720596373611417;5.945280464789985;1.088972589393546;0.0593407856547602
AlliBlock;134.48869475281944;36.15427668369799;4.350287346831241;0.32777738867854445;0.6423023492902786;0.04271320758942579;4.6304494784025145;0.28796171835597206;0.06852768182242554
AlliBlock;109.89727433559209;32.661835133938155;5.552026656996524;0.3048604248736861;0.6511274305223081;0.059924782705052394;6.350810569259599;0.5351821689915036;0.052275563144414526
AlliBlock;139.0689683655325;37.196044998723984;4.350287346831241;0.6214696209758915;0.6535984847871792;0.04099539141811545;4.693962539248388;0.2616709972400873;0.05694006517236375
AlliBlock;122.34969623061643;34.09941329483678;4.350287346831241;0.3605551275463989;0.668749855868533;0.044786228461773436;4.693962539248388;0.30683810751954826;0.06306892067620286
AlliBlock;144.94146331939638;39.72397812859062;4.350287346831241;0.48336526075902675;0.8053268605866952;0.05935425477331708;4.501702907243197;0.30787273881093347;0.058406214495204375
AlliBlock;128.0114040798611;35.727940351026064;3.2358288328176625;0.3755141057203143;0.43568478015826917;0.07000713933462573;3.7774406953258755;0.8633452900045175;0.08321579689703808
AlliBlock;138.09968587239584;34.78469093006446;3.2358288328176625;0.46939263215039284;0.43568478015826917;0.046474155662906844;41.920590369864975;3.3832991474881537;0.08149973596197853
AlliBlock;139.9998068576389;35.72959816560413;3.2358288328176625;0.3755141057203143;0.43568478015826917;0.06952892275161346;3.7774406953258755;0.8294874052011649;0.08356603274448135
AlliBlock;113.7744259982639;37.46907805907653;3.605551275463989;0.30951973949298045;0.44250822620522684;0.09024262394957526;5.521595089309655;1.274750636476077;0.08762612851832183
AlliBlock;130.7025501844618;32.98101401711678;3.0917347120042113;0.35502988763173887;0.4254073294138863;0.05283032309194387;3.4656750130882705;0.6640031847037247;0.07387555348403635
AlliBlock;127.15325439453125;31.257065619882546;2.0573412602736787;0.5900419995527177;0.278888330705931;0.018619444801908164;1.901921508899416;0.21350802414620226;0.059919493962047155
AlliBlock;133.78834798177084;34.00152837332155;2.1666666666666665;0.2943814904777065;0.4814427450863877;0.05558366106018038;2.885072699852911;0.3512459573161971;0.06524880078599087
AlliBlock;113.51025390625;30.23767092106584;2.0573412602736787;0.5900419995527177;0.2817642850485481;0.019952296349193297;1.9218397643622132;0.22929445149656363;0.05940167255797914
AlliBlock;113.13720648871528;30.652556750789284;2.0573412602736787;0.5900419995527177;0.28043341841067304;0.021158730206917598;1.9398415860899325;0.22293203811073514;0.05900603274921
AlliBlock;144.98391818576388;34.07248455459833;2.1666666666666665;0.2943814904777065;0.4814427450863877;0.05573030705830035;2.885072699852911;0.347944065018702;0.06552591265138596
AlliBlock;124.92963840060764;49.62545594173001;4.75;0.5929270612815711;0.6805196907269461;0.10358902984408852;5.457756780366272;0.9409772459989113;0.038364035828967386
AlliBlock;132.26580457899306;54.366124924736326;6.419985686605245;0.5929270612815711;0.6805196907269461;0.08631717174780322;7.444231927194214;0.9027276118643902;0.04147361283760877
AlliBlock;112.56092013888889;50.45804237116474;4.743416490252569;0.6776309271789385;0.6757072170998077;0.09027112903449622;5.457756780366272;0.8155745261438762;0.03393728613900264
AlliBlock;133.2661998155382;45.588731309773046;4.743416490252569;0.5929270612815711;0.6805196907269461;0.14252323979607798;5.878074938921769;1.3643825693096459;0.03623330990864371
AlliBlock;107.56317491319444;47.28817944225944;4.743416490252569;0.6776309271789385;0.6757072170998077;0.11678726428463952;5.878074938921769;1.080992853140841;0.03315490036714218
AlliBlock;125.96343044704861;36.066261170044406;4.123105625617661;0.4581228472908512;0.5656203995120471;0.0723917783650536;3.8114796938506137;0.6126091423063675;0.0816584020421936
AlliBlock;113.38053466796875;37.688806522701434;6.315789473684211;0.37482778414706003;0.5947233909890671;0.09280455288001566;6.255125681753955;0.7972192473721461;0.06365052801661954
AlliBlock;131.0924142795139;34.53243355450682;4.372373160976031;0.3453979268600399;0.5865728310492143;0.06470139657074574;6.515007999622366;0.6262502069393693;0.06531036874349787
AlliBlock;142.07486111111112;39.12973822427995;4.123105625617661;0.5153882032022076;0.53981212218889;0.07002334765624736;4.123575466240316;0.6264054783551861;0.09132893217679623
AlliBlock;120.37101915147569;35.44319555150918;4.123105625617661;0.4581228472908512;0.5865728310492143;0.07232410586388638;4.22593378308034;0.6521815695086807;0.07475218658892128
AlliBlock;128.29612765842015;36.226306780160705;6.5887604832686355;0.2131211093892324;0.3356755760523828;0.04968615986441104;7.535278702807575;0.6608537024069755;0.03728298488983933
AlliBlock;142.88354682074652;35.406812241422074;6.5887604832686355;0.21811036724831842;0.33200699052175564;0.05188632873716121;6.970501808944027;0.6562787897614587;0.03292330970326991
AlliBlock;117.9323521592882;35.64396286241812;6.5887604832686355;0.22724560884918743;0.4101010161643035;0.04697363487212922;6.976354793499905;0.6163895844059977;0.026052104208416832
AlliBlock;124.36624457465278;35.82896792544421;6.5887604832686355;0.21098447828058856;0.3393441574358945;0.05242864716977904;7.1241226681567005;0.6922754584184662;0.03434343434343434
AlliBlock;113.20455403645833;34.9159564426996;4.77040425506652;0.22241239959739822;0.5610125770720866;0.05133828811380327;5.301721398652819;0.48545539264659165;0.021729490022172948
AlliBlock;127.96624430338542;36.181504839694526;5.692437628454629;0.1736290840370052;0.6178340845629273;0.09532703080279684;5.337245801376338;0.7818680500082049;0.056305338261841316
AlliBlock;108.50040934244792;35.09612052084516;6.497559088740565;1.6243897721851412;0.4155054144818637;0.037321896212909954;6.244584496135097;0.45028870116376346;0.027453384988433346
AlliBlock;110.42858696831597;33.661890695636025;6.719737141930269;0.2923526731023431;0.444675842664393;0.05787770921267469;4.889185834881472;0.6924087593935395;0.035272972365760505
AlliBlock;137.64492458767361;37.93485404736376;5.692437628454629;0.27247184730581053;0.6683502344351772;0.07882188397642753;5.148895052291929;0.6916583939871942;0.05952346736412497
AlliBlock;136.08919379340279;34.3751971377079;6.139669743109596;0.17541160386140586;0.6114453866247271;0.10910347197665567;4.487726424099691;0.8356268758291465;0.0517546362339515
